小韻號,最簡描述,字頭,反切,切韻拼音
1,端一東平,東,德紅,toung
2,定一東平,同,徒紅,doung
3,知三東平,中,陟弓,trung
4,澄三東平,蟲,直弓,drung
5,章三東平,終,職戎,tjung
6,徹三東平,忡,敕中,trhung
7,崇三東平,崇,鋤弓,dzrung
8,心三東平,嵩,息弓,sung
9,日三東平,戎,如融,njung
10,見三東平,弓,居戎,kung
11,以三東平,融,以戎,jung
12,云三東平,雄,羽弓,ung
13,明三東平,瞢,莫中,mung
14,溪三東平,穹,去宮,khung
15,羣三東平,窮,渠弓,gung
16,並三東平,馮,房戎,bung
17,幫三東平,風,方戎,pung
18,滂三東平,豐,敷空,phung
19,昌三東平,充,昌終,tjhung
20,來三東平,隆,力中,lung
21,溪一東平,空,苦紅,khoung
22,見一東平,公,古紅,koung
23,明一東平,蒙,莫紅,moung
24,來一東平,籠,盧紅,loung
25,匣一東平,洪,戶公,ghoung
26,從一東平,叢,徂紅,dzoung
27,影一東平,翁,烏紅,qoung
28,清一東平,悤,倉紅,tshoung
29,透一東平,通,他紅,thoung
30,精一東平,葼,子紅,tsoung
31,並一東平,蓬,薄紅,boung
32,曉一東平,烘,呼東,houng
33,疑一東平,㟅,五東,ngoung
34,心一東平,𣞷,蘇公,soung
35,端冬平,冬,都宗,tong
36,定冬平,彤,徒冬,dong
37,從冬平,賨,藏宗,dzong
38,泥冬平,農,奴冬,nong
39,見冬平,攻,古冬,kong
40,匣冬平,䃔,戶冬,ghong
41,來冬平,䃧,力冬,long
42,精冬平,宗,作冬,tsong
43,心冬平,鬆,私宗,song
44,透冬平,炵,他冬,thong
45,章鍾平,鍾,職容,tjuong
46,來鍾平,龍,力鍾,luong
47,書鍾平,舂,書容,sjuong
48,邪鍾平,松,祥容,zuong
49,昌鍾平,𧘂,尺容,tjhuong
50,以鍾平,容,餘封,juong
51,幫鍾平,封,府容,puong
52,曉鍾平,胷,許容,huong
53,疑鍾平,顒,魚容,nguong
54,影鍾平,邕,於容,quong
55,孃鍾平,醲,女容,nruong
56,澄鍾平,重,直容,druong
57,從鍾平,從,疾容,dzuong
58,徹鍾平,蹱,丑凶,trhuong
59,並鍾平,逢,符容,buong
60,滂鍾平,峯,敷容,phuong
61,精鍾平,縱,即容,tsuong
62,日鍾平,茸,而容,njuong
63,羣鍾平,蛩,渠容,guong
64,常鍾平,鱅,蜀庸,djuong
65,見鍾平,恭,九容,kuong
66,心鍾平,蜙,息恭,suong
67,清鍾平,樅,七恭,tshuong
68,溪鍾平,銎,曲恭,khuong
69,見江平,江,古雙,koeung
70,明江平,厖,莫江,moeung
71,孃江平,𦗳,女江,nroeung
72,初江平,囪,楚江,tsrhoeung
73,幫江平,邦,博江,poeung
74,匣江平,栙,下江,ghoeung
75,滂江平,胮,匹江,phoeung
76,來江平,瀧,呂江,loeung
77,生江平,雙,所江,sroeung
78,並江平,龐,薄江,boeung
79,曉江平,肛,許江,hoeung
80,影江平,胦,握江,qoeung
81,溪江平,腔,苦江,khoeung
82,澄江平,幢,宅江,droeung
83,徹江平,憃,丑江,trhoeung
84,知江平,樁,都江,troeung
85,疑江平,㟅,五江,ngoeung
86,崇江平,淙,士江,dzroeung
87,章開支平,支,章移,tjie
88,以開支平,移,弋支,jie
89,云合支平,爲,薳支,ue
90,見合B支平,嬀,居爲,kue
91,曉合B支平,𪎮,許爲,hue
92,影合B支平,逶,於爲,que
93,明B支平,糜,靡爲,mye
94,曉合A支平,隓,許規,hwie
95,澄合支平,鬌,直垂,drwie
96,常合支平,𡍮,是爲,djwie
97,來合支平,羸,力爲,lwie
98,昌合支平,吹,昌垂,tjhwie
99,滂B支平,鈹,敷羈,phye
100,幫B支平,陂,彼爲,pye
101,邪合支平,隨,旬爲,zwie
102,溪合B支平,虧,去爲,khue
103,溪合A支平,闚,去隨,khwie
104,羣開B支平,奇,渠羈,gye
105,羣開A支平,祇,巨支,gie
106,曉開B支平,犧,許羈,hye
107,溪開B支平,㩻,去奇,khye
108,疑開B支平,宜,魚羈,ngye
109,並B支平,皮,符羈,bye
110,常開支平,提,是支,djie
111,日開支平,兒,汝移,njie
112,來開支平,離,呂支,lie
113,從開支平,疵,疾移,dzie
114,精開支平,貲,即移,tsie
115,見開B支平,羈,居宜,kye
116,幫A支平,卑,府移,pie
117,並A支平,陴,符支,bie
118,書開支平,䌳,式支,sjie
119,心開支平,斯,息移,sie
120,初開支平,差,楚宜,tsrhye
121,徹開支平,摛,丑知,trhie
122,明A支平,彌,武移,mie
123,清開支平,雌,此移,tshie
124,知開支平,知,陟離,trie
125,影開B支平,漪,於離,qye
126,澄開支平,馳,直離,drie
127,心合支平,眭,息爲,swie
128,疑合B支平,危,魚爲,ngue
129,曉開A支平,詑,香支,hie
130,生開支平,釃,所宜,srye
131,生合支平,䪎,山垂,srue
132,日合支平,痿,人垂,njwie
133,精合支平,厜,姊規,tswie
134,見合A支平,𩓸,居隋,kwie
135,精合支平,劑,遵爲,tswie
136,初合支平,衰,楚危,tsrhue
137,知合支平,腄,竹垂,trwie
138,章合支平,䮔,子垂,tjwie
139,昌開支平,眵,叱支,tjhie
140,莊開支平,齜,側宜,tsrye
141,滂A支平,𤿎,匹支,phie
142,以合支平,䔺,悅吹,jwie
143,崇開支平,齹,士宜,dzrye
144,章開脂平,脂,旨夷,tji
145,以開脂平,姨,以脂,ji
146,生開脂平,師,疏夷,sryi
147,並A脂平,𣬈,房脂,bi
148,精開脂平,咨,即夷,tsi
149,見開B脂平,飢,居夷,kyi
150,昌開脂平,鴟,處脂,tjhi
151,徹開脂平,絺,丑飢,trhi
152,清開脂平,郪,取私,tshi
153,從開脂平,茨,疾資,dzi
154,孃開脂平,尼,女夷,nri
155,澄開脂平,墀,直尼,dri
156,心開脂平,私,息夷,si
157,書開脂平,尸,式脂,sji
158,羣開A脂平,鬐,渠脂,gi
159,影開A脂平,伊,於脂,qi
160,來開脂平,棃,力脂,li
161,羣合A脂平,葵,渠追,gwi
162,知合脂平,追,陟隹,trwi
163,見合B脂平,龜,居追,kui
164,日合脂平,蕤,儒隹,njwi
165,生合脂平,衰,所追,srui
166,以合脂平,惟,以追,jwi
167,來合脂平,㶟,力追,lwi
168,心合脂平,綏,息遺,swi
169,羣合B脂平,逵,渠追,gui
170,明B脂平,眉,武悲,myi
171,幫B脂平,悲,府眉,pyi
172,章合脂平,錐,職追,tjwi
173,常合脂平,誰,視隹,djwi
174,云合脂平,帷,洧悲,ui
175,並B脂平,邳,符悲,byi
176,滂B脂平,丕,敷悲,phyi
177,曉合A脂平,倠,許維,hwi
178,澄合脂平,鎚,直追,drwi
179,昌合脂平,推,尺隹,tjhwi
180,知開脂平,胝,丁尼,tri
181,滂A脂平,紕,匹夷,phi
182,精合脂平,嶉,醉綏,tswi
183,溪合B脂平,巋,丘追,khui
184,疑開B脂平,狋,牛肌,ngyi
185,曉開A脂平,咦,喜夷,hi
186,章之平,之,止而,tjy
187,以之平,飴,與之,jy
188,常之平,時,市之,djy
189,疑之平,疑,語其,ngy
190,心之平,思,息兹,sy
191,初之平,輜,楚持,tsrhy
192,羣之平,其,渠之,gy
193,書之平,詩,書之,sjy
194,日之平,而,如之,njy
195,溪之平,欺,去其,khy
196,見之平,姬,居之,ky
197,邪之平,詞,似兹,zy
198,來之平,釐,里之,ly
199,莊之平,菑,側持,tsry
200,曉之平,僖,許其,hy
201,影之平,醫,於其,qy
202,徹之平,癡,丑之,trhy
203,澄之平,治,直之,dry
204,昌之平,蚩,赤之,tjhy
205,從之平,慈,疾之,dzy
206,精之平,兹,子之,tsy
207,崇之平,茬,士之,dzry
208,俟之平,漦,俟甾,zry
209,溪嚴入,抾,丘乏,khyop
210,書之平,䀵,式其,sjy
211,明微平,微,無非,muj
212,曉合微平,揮,許歸,huj
213,云合微平,幃,雨非,uj
214,滂微平,霏,芳非,phuj
215,幫微平,猆,甫微,puj
216,並微平,肥,符非,buj
217,影合微平,威,於非,quj
218,羣開微平,祈,渠希,gyj
219,見開微平,機,居依,kyj
220,曉開微平,希,香衣,hyj
221,影開微平,依,於希,qyj
222,疑開微平,沂,魚衣,ngyj
223,疑合微平,巍,語韋,nguj
224,見合微平,歸,舉韋,kuj
225,溪合微平,蘬,丘韋,khuj
226,疑魚平,魚,語居,ngyo
227,初魚平,初,楚居,tsrhyo
228,書魚平,書,傷魚,sjyo
229,見魚平,居,九魚,kyo
230,羣魚平,渠,強魚,gyo
231,以魚平,余,以諸,jyo
232,心魚平,胥,相居,syo
233,清魚平,疽,七余,tshyo
234,崇魚平,鉏,士魚,dzryo
235,徹魚平,攄,丑居,trhyo
236,生魚平,疏,所葅,sryo
237,曉魚平,虛,朽居,hyo
238,邪魚平,徐,似魚,zyo
239,影魚平,於,央居,qyo
240,知魚平,豬,陟魚,tryo
241,來魚平,臚,力居,lyo
242,章魚平,諸,章魚,tjyo
243,澄魚平,除,直魚,dryo
244,日魚平,如,人諸,njyo
245,精魚平,且,子魚,tsyo
246,溪魚平,虛,去魚,khyo
247,莊魚平,菹,側魚,tsryo
248,常魚平,蜍,署魚,djyo
249,孃魚平,袽,女余,nryo
250,疑虞平,虞,遇俱,nguo
251,初虞平,芻,測隅,tsrhuo
252,明虞平,無,武夫,muo
253,云虞平,于,羽俱,uo
254,曉虞平,訏,況于,huo
255,羣虞平,衢,其俱,guo
256,日虞平,儒,人朱,njuo
257,心虞平,須,相俞,suo
258,知虞平,株,陟輸,truo
259,徹虞平,貙,敕俱,trhuo
260,常虞平,殊,市朱,djuo
261,以虞平,逾,羊朱,juo
262,溪虞平,區,豈俱,khuo
263,章虞平,朱,章俱,tjuo
264,清虞平,趨,七逾,tshuo
265,來虞平,慺,力朱,luo
266,並虞平,扶,防無,buo
267,崇虞平,䅳,仕于,dzruo
268,莊虞平,㑳,莊俱,tsruo
269,滂虞平,敷,芳無,phuo
270,精虞平,諏,子于,tsuo
271,幫虞平,跗,甫無,puo
272,影虞平,紆,憶俱,quo
273,書虞平,輸,式朱,sjuo
274,昌虞平,樞,昌朱,tjhuo
275,澄虞平,廚,直誅,druo
276,見虞平,拘,舉朱,kuo
277,生虞平,毹,山芻,sruo
278,明模平,模,莫胡,mo
279,並模平,酺,薄胡,bo
280,匣模平,胡,戶吳,gho
281,見模平,孤,古胡,ko
282,定模平,徒,同都,do
283,泥模平,奴,乃都,no
284,曉模平,呼,荒烏,ho
285,疑模平,吾,五乎,ngo
286,精模平,租,則吾,tso
287,來模平,盧,落胡,lo
288,心模平,蘇,素姑,so
289,從模平,徂,昨胡,dzo
290,影模平,烏,哀都,qo
291,幫模平,逋,博孤,po
292,溪模平,枯,苦胡,kho
293,清模平,麤,倉胡,tsho
294,透模平,㻌,他胡,tho
295,端模平,都,當孤,to
296,滂模平,𥠵,普胡,pho
297,從開齊平,齊,徂奚,dzej
298,來開齊平,黎,郎奚,lej
299,清開齊平,妻,七稽,tshej
300,端開齊平,低,都奚,tej
301,定開齊平,嗁,杜奚,dej
302,幫齊平,豍,邊兮,pej
303,見開齊平,雞,古奚,kej
304,匣開齊平,奚,胡雞,ghej
305,影開齊平,鷖,烏奚,qej
306,疑開齊平,倪,五稽,ngej
307,曉開齊平,醯,呼雞,hej
308,心開齊平,西,先稽,sej
309,透開齊平,梯,土雞,thej
310,並齊平,鼙,部迷,bej
311,滂齊平,磇,匹迷,phej
312,精開齊平,齎,祖稽,tsej
313,明齊平,迷,莫兮,mej
314,泥開齊平,泥,奴低,nej
315,溪開齊平,谿,苦奚,khej
316,見合齊平,圭,古攜,kwej
317,溪合齊平,睽,苦圭,khwej
318,匣合齊平,攜,戶圭,ghwej
319,日開祭平,臡,人兮,njiej
320,常開祭平,栘,成臡,djiej
321,影合齊平,烓,烏攜,qwej
322,曉合齊平,睳,呼攜,hwej
323,見開佳平,佳,古膎,kee
324,匣開佳平,㥟,戶佳,ghee
325,並佳平,牌,薄佳,bee
326,見合佳平,媧,古蛙,kwee
327,影合佳平,蛙,烏媧,qwee
328,溪合佳平,咼,苦緺,khwee
329,崇開佳平,柴,士佳,dzree
330,初開佳平,釵,楚佳,tsrhee
331,曉合佳平,竵,火媧,hwee
332,孃開佳平,䍲,㚷佳,nree
333,疑開佳平,崖,五佳,ngee
334,影開佳平,娃,於佳,qee
335,生開佳平,崽,山佳,sree
336,曉開佳平,㗨,火佳,hee
337,徹開佳平,扠,丑佳,trhee
338,明佳平,䁲,莫佳,mee
339,匣合佳平,鼃,戶媧,ghwee
340,見開皆平,皆,古諧,keej
341,影開皆平,𢰇,乙諧,qeej
342,匣開皆平,諧,戶皆,gheej
343,並皆平,排,步皆,beej
344,見合皆平,乖,古懷,kweej
345,匣合皆平,懷,戶乖,ghweej
346,溪合皆平,匯,苦淮,khweej
347,崇開皆平,豺,士皆,dzreej
348,初開皆平,差,楚皆,tsrheej
349,曉合皆平,虺,呼懷,hweej
350,澄合皆平,尵,杜懷,drweej
351,明皆平,埋,莫皆,meej
352,莊開皆平,齋,側皆,tsreej
353,影合皆平,崴,乙乖,qweej
354,知開皆平,𪘨,卓皆,treej
355,來咍平,唻,賴諧,leoj
356,溪開皆平,揩,口皆,kheej
357,孃開皆平,搱,諾皆,nreej
358,生開皆平,崽,山皆,sreej
359,疑開皆平,𩂢,擬皆,ngeej
360,徹開皆平,搋,丑皆,trheej
361,曉開皆平,俙,喜皆,heej
362,來合皆平,䐯,力懷,lweej
363,崇合皆平,膗,仕懷,dzrweej
364,曉灰平,灰,呼恢,hoj
365,溪灰平,恢,苦回,khoj
366,影灰平,隈,烏恢,qoj
367,匣灰平,回,戶恢,ghoj
368,明灰平,枚,莫杯,moj
369,見灰平,傀,公回,koj
370,來灰平,雷,魯回,loj
371,定灰平,穨,杜回,doj
372,清灰平,崔,倉回,tshoj
373,端灰平,磓,都回,toj
374,心灰平,𤗯,素回,soj
375,從灰平,摧,昨回,dzoj
376,並灰平,裴,薄回,boj
377,幫灰平,桮,布回,poj
378,滂灰平,肧,芳杯,phoj
379,疑灰平,鮠,五灰,ngoj
380,透灰平,𨌴,他回,thoj
381,泥灰平,𢆃,乃回,noj
382,精灰平,嗺,臧回,tsoj
383,曉咍平,咍,呼來,heoj
384,溪咍平,開,苦哀,kheoj
385,影咍平,哀,烏開,qeoj
386,定咍平,臺,徒哀,deoj
387,見咍平,該,古哀,keoj
388,從咍平,裁,昨哉,dzeoj
389,來咍平,來,落哀,leoj
390,精咍平,烖,祖才,tseoj
391,清咍平,猜,倉才,tsheoj
392,並灰平,𤗏,扶來,boj
393,透咍平,胎,土來,theoj
394,匣咍平,孩,戶來,gheoj
395,心咍平,鰓,蘇來,seoj
396,疑咍平,皚,五來,ngeoj
397,泥咍平,能,奴來,neoj
398,端咍平,𪒴,丁來,teoj
399,昌尤平,㹗,昌求,tjhu
400,滂灰平,𡜊,普才,phoj
401,章開眞平,真,職鄰,tjin
402,徹開眞平,𤣆,丑人,trhin
403,影開A眞平,因,於真,qin
404,心開眞平,新,息鄰,sin
405,常開眞平,辰,植鄰,djin
406,日開眞平,仁,如鄰,njin
407,船開眞平,神,食鄰,zjin
408,清開眞平,親,七人,tshin
409,匣開A眞平,礥,下珍,ghin
410,書開眞平,申,失人,sjin
411,幫A眞平,賓,必鄰,pin
412,來開眞平,㷠,力珍,lin
413,羣開B眞平,𥎊,巨巾,gyin
414,知開眞平,珍,陟鄰,trin
415,澄開眞平,陳,直珍,drin
416,精開眞平,津,將鄰,tsin
417,昌開眞平,瞋,昌真,tjhin
418,從開眞平,秦,匠鄰,dzin
419,以開眞平,寅,翼真,jin
420,孃開眞平,紉,女鄰,nrin
421,滂A眞平,繽,匹賓,phin
422,並A眞平,頻,符真,bin
423,疑開B眞平,銀,語巾,ngyin
424,見開B眞平,巾,居銀,kyin
425,見合B眞平,麏,居筠,kuin
426,云合眞平,筠,爲贇,uin
427,溪合B眞平,囷,去倫,khuin
428,明B眞平,珉,武巾,myin
429,並B眞平,貧,符巾,byin
430,影開B眞平,𪔗,於巾,qyin
431,影合B眞平,贇,於倫,quin
432,幫B眞平,彬,府巾,pyin
433,明A眞平,民,彌鄰,min
434,章合眞平,諄,章倫,tjwin
435,徹合眞平,椿,丑倫,trhwin
436,澄合眞平,䣩,直倫,drwin
437,心合眞平,荀,相倫,swin
438,常合眞平,純,常倫,djwin
439,日合眞平,犉,如勻,njwin
440,船合眞平,脣,食倫,zjwin
441,來合眞平,淪,力迍,lwin
442,知合眞平,屯,陟綸,trwin
443,清合眞平,逡,七倫,tshwin
444,精合眞平,遵,將倫,tswin
445,昌合眞平,春,昌脣,tjhwin
446,從合眞平,鷷,昨旬,dzwin
447,以合眞平,勻,羊倫,jwin
448,邪合眞平,旬,詳遵,zwin
449,見合A眞平,均,居勻,kwin
450,羣開A眞平,𧼒,渠人,gin
451,滂B眞平,砏,普巾,phyin
452,莊臻平,臻,側詵,tsryin
453,生臻平,莘,所臻,sryin
454,崇臻平,𦿒,士臻,dzryin
455,明文平,文,無分,mun
456,云文平,雲,王分,un
457,影文平,熅,於云,qun
458,並文平,汾,符分,bun
459,幫文平,分,府文,pun
460,羣文平,羣,渠云,gun
461,曉文平,薰,許云,hun
462,見文平,君,舉云,kun
463,滂文平,芬,撫文,phun
464,曉欣平,欣,許斤,hyn
465,影欣平,殷,於斤,qyn
466,羣欣平,勤,巨斤,gyn
467,見欣平,斤,舉欣,kyn
468,疑欣平,䖐,語斤,ngyn
469,疑合元平,元,愚袁,nguon
470,云合元平,袁,雨元,uon
471,並元平,煩,附袁,buon
472,滂元平,飜,孚袁,phuon
473,曉合元平,暄,況袁,huon
474,影合元平,鴛,於袁,quon
475,疑開元平,言,語軒,ngyon
476,溪開元平,攑,丘言,khyon
477,曉開元平,軒,虛言,hyon
478,見開元平,𢳚,居言,kyon
479,影開元平,蔫,謁言,qyon
480,幫元平,蕃,甫煩,puon
481,羣開元平,𥴤,巨言,gyon
482,明元平,樠,武元,muon
483,匣魂平,䰟,戶昆,ghon
484,見魂平,昆,古渾,kon
485,影魂平,𥁕,烏渾,qon
486,明魂平,門,莫奔,mon
487,心魂平,孫,思渾,son
488,精魂平,尊,祖昆,tson
489,從魂平,存,徂尊,dzon
490,端魂平,敦,都昆,ton
491,透魂平,暾,他昆,thon
492,定魂平,屯,徒渾,don
493,清魂平,村,此尊,tshon
494,疑魂平,㑮,牛昆,ngon
495,並魂平,盆,蒲奔,bon
496,幫魂平,奔,博昆,pon
497,來魂平,論,盧昆,lon
498,溪魂平,坤,苦昆,khon
499,曉魂平,昏,呼昆,hon
500,滂魂平,濆,普䰟,phon
501,泥魂平,黁,奴昆,non
502,匣痕平,痕,戶恩,gheon
503,見痕平,根,古痕,keon
504,影痕平,恩,烏痕,qeon
505,透痕平,吞,吐根,theon
506,疑痕平,垠,五根,ngeon
507,匣開寒平,寒,胡安,ghan
508,疑開寒平,豻,俄寒,ngan
509,端開寒平,單,都寒,tan
510,影開寒平,安,烏寒,qan
511,泥開寒平,難,那干,nan
512,清開寒平,餐,七安,tshan
513,透開寒平,灘,他干,than
514,心開寒平,𦙱,蘇干,san
515,定開寒平,壇,徒干,dan
516,從開寒平,殘,昨干,dzan
517,見開寒平,干,古寒,kan
518,來開寒平,蘭,落干,lan
519,溪開寒平,看,苦寒,khan
520,曉開寒平,頇,許干,han
521,泥合寒平,濡,乃官,nwan
522,匣合寒平,桓,胡官,ghwan
523,疑合寒平,岏,五丸,ngwan
524,端合寒平,端,多官,twan
525,影合寒平,剜,一丸,qwan
526,透合寒平,湍,他端,thwan
527,心合寒平,酸,素官,swan
528,定合寒平,團,度官,dwan
529,從合寒平,欑,在丸,dzwan
530,見合寒平,官,古丸,kwan
531,來合寒平,鑾,落官,lwan
532,曉合寒平,歡,呼官,hwan
533,溪合寒平,寬,苦官,khwan
534,精合寒平,鑽,借官,tswan
535,並寒平,槃,薄官,ban
536,明寒平,瞞,母官,man
537,滂寒平,潘,普官,phan
538,幫寒平,𤳖,北潘,pan
539,生開刪平,刪,所姦,sraen
540,見合刪平,關,古還,kwaen
541,影合刪平,彎,烏關,qwaen
542,生合刪平,𣟴,數還,srwaen
543,匣合刪平,還,戶關,ghwaen
544,幫刪平,班,布還,paen
545,明刪平,蠻,莫還,maen
546,疑開刪平,顏,五姦,ngaen
547,見開刪平,姦,古顏,kaen
548,滂刪平,攀,普班,phaen
549,孃合刪平,奻,奴還,nrwaen
550,疑合刪平,𤸷,五還,ngwaen
551,溪開刪平,馯,丘姦,khaen
552,溪開刪平,豻,可顏,khaen
553,莊合刪平,跧,阻頑,tsrwaen
554,生開山平,山,所閒,sreen
555,見合山平,鰥,古頑,kween
556,見開山平,間,古閑,keen
557,匣開山平,閒,戶閒,gheen
558,溪開山平,慳,苦閑,kheen
559,崇開山平,虥,士山,dzreen
560,曉開山平,羴,許閒,heen
561,疑開山平,訮,五閑,ngeen
562,影開山平,黰,烏閑,qeen
563,幫山平,斒,方閑,peen
564,來開山平,斕,力閑,leen
565,孃開山平,嘫,女閑,nreen
566,初開山平,㺗,充山,tsrheen
567,影合山平,𡣬,委鰥,qween
568,澄合山平,窀,墜頑,drween
569,來合支平,𡰠,力頑,lwie
570,羣合B仙平,𡰝,跪頑,guen
571,知開山平,譠,陟山,treen
572,澄開山平,𤣆,直閑,dreen
573,匣合山平,湲,獲頑,ghween
574,崇開山平,虥,昨閑,dzreen
575,心開先平,先,蘇前,sen
576,從開先平,前,昨先,dzen
577,清開先平,千,蒼先,tshen
578,精開先平,箋,則前,tsen
579,透開先平,天,他前,then
580,見開先平,堅,古賢,ken
581,匣開先平,賢,胡田,ghen
582,影開先平,煙,烏前,qen
583,來開先平,蓮,落賢,len
584,定開先平,田,徒年,den
585,泥開先平,秊,奴顛,nen
586,端開先平,顛,都年,ten
587,溪開先平,牽,苦堅,khen
588,疑開先平,妍,五堅,ngen
589,明先平,眠,莫賢,men
590,並先平,蹁,部田,ben
591,影合先平,淵,烏玄,qwen
592,見合先平,涓,古玄,kwen
593,曉合先平,鋗,火玄,hwen
594,幫先平,邊,布玄,pen
595,匣合先平,玄,胡涓,ghwen
596,曉開先平,祆,呼煙,hen
597,(deleted),𤜼,崇玄,(tjyak)
598,心開仙平,仙,相然,sien
599,從開仙平,錢,昨仙,dzien
600,清開仙平,遷,七然,tshien
601,精開仙平,煎,子仙,tsien
602,日開仙平,然,如延,njien
603,以開仙平,延,以然,jien
604,章開仙平,𩜾,諸延,tjien
605,見開A仙平,甄,居延,kien
606,知開仙平,邅,張連,trien
607,崇開仙平,潺,士連,dzryen
608,書開仙平,羶,式連,sjien
609,徹開仙平,脠,丑延,trhien
610,常開仙平,鋋,市連,djien
611,澄開仙平,纏,直連,drien
612,曉開B仙平,嘕,許延,hyen
613,來開仙平,連,力延,lien
614,滂A仙平,篇,芳連,phien
615,並A仙平,便,房連,bien
616,明A仙平,緜,武延,mien
617,從合仙平,全,疾緣,dzwien
618,心合仙平,宣,須緣,swien
619,精合仙平,鐫,子泉,tswien
620,曉合A仙平,翾,許緣,hwien
621,日合仙平,堧,而緣,njwien
622,昌合仙平,穿,昌緣,tjhwien
623,以合仙平,沿,與專,jwien
624,邪合仙平,旋,似宣,zwien
625,影合A仙平,娟,於緣,qwien
626,船合仙平,船,食川,zjwien
627,幫A仙平,鞭,卑連,pien
628,邪開仙平,㳄,夕連,zien
629,清合仙平,詮,此緣,tshwien
630,章合仙平,專,職緣,tjwien
631,常合仙平,遄,市緣,djwien
632,云合仙平,員,王權,uen
633,莊合仙平,恮,莊緣,tsruen
634,生合仙平,栓,山員,sruen
635,徹合仙平,猭,丑緣,trhwien
636,羣開B仙平,乾,渠焉,gyen
637,溪開B仙平,愆,去乾,khyen
638,羣合B仙平,權,巨員,guen
639,澄合仙平,椽,直攣,drwien
640,來合仙平,攣,呂員,lwien
641,溪合B仙平,弮,丘圓,khuen
642,影開B仙平,焉,於乾,qyen
643,云開仙平,漹,有乾,yen
644,影合B仙平,𡣬,於權,quen
645,昌開仙平,燀,尺延,tjhien
646,(deleted),𡰝,丁兮,(guen)
647,見合B仙平,勬,居員,kuen
648,心蕭平,蕭,蘇彫,sew
649,透蕭平,祧,吐彫,thew
650,端蕭平,貂,都聊,tew
651,定蕭平,迢,徒聊,dew
652,見蕭平,驍,古堯,kew
653,來蕭平,聊,落蕭,lew
654,疑蕭平,堯,五聊,ngew
655,曉蕭平,膮,許幺,hew
656,影蕭平,幺,於堯,qew
657,溪蕭平,鄡,苦幺,khew
658,心宵平,宵,相邀,siew
659,徹宵平,超,敕宵,trhiew
660,知宵平,朝,陟遙,triew
661,澄宵平,鼂,直遙,driew
662,曉B宵平,囂,許嬌,hyew
663,從宵平,樵,昨焦,dziew
664,見B宵平,驕,舉喬,kyew
665,精宵平,焦,即消,tsiew
666,日宵平,饒,如招,njiew
667,書宵平,燒,式招,sjiew
668,以宵平,遙,餘昭,jiew
669,常宵平,韶,市昭,djiew
670,章宵平,昭,止遙,tjiew
671,幫A宵平,飆,甫遙,piew
672,幫B宵平,鑣,甫嬌,pyew
673,並A宵平,瓢,符霄,biew
674,明A宵平,蜱,彌遙,miew
675,明B宵平,苗,武瀌,myew
676,影A宵平,要,於霄,qiew
677,云宵平,鴞,于嬌,yew
678,羣B宵平,喬,巨嬌,gyew
679,清宵平,鍫,七遙,tshiew
680,影B宵平,妖,於喬,qyew
681,溪A宵平,蹻,去遙,khiew
682,昌宵平,怊,尺招,tjhiew
683,滂A宵平,𤐫,撫招,phiew
684,羣A宵平,翹,渠遙,giew
685,來宵平,燎,力昭,liew
686,溪B宵平,趫,起囂,khyew
687,匣肴平,肴,胡茅,ghaew
688,見肴平,交,古肴,kaew
689,崇肴平,巢,鉏交,dzraew
690,孃肴平,鐃,女交,nraew
691,生肴平,梢,所交,sraew
692,明肴平,茅,莫交,maew
693,曉肴平,虓,許交,haew
694,幫肴平,包,布交,paew
695,滂肴平,胞,匹交,phaew
696,溪肴平,敲,口交,khaew
697,疑肴平,聱,五交,ngaew
698,莊肴平,𦗔,側交,tsraew
699,知肴平,嘲,陟交,traew
700,初肴平,䜈,楚交,tsrhaew
701,並肴平,庖,薄交,baew
702,影肴平,䫜,於交,qaew
703,徹肴平,䫸,敕交,trhaew
704,來肴平,顟,力嘲,laew
705,澄肴平,䄻,直交,draew
706,匣豪平,豪,胡刀,ghaw
707,見豪平,高,古勞,kaw
708,來豪平,勞,魯刀,law
709,曉豪平,蒿,呼毛,haw
710,明豪平,毛,莫袍,maw
711,透豪平,饕,土刀,thaw
712,端豪平,刀,都牢,taw
713,心豪平,騷,蘇遭,saw
714,並豪平,袍,薄襃,baw
715,幫豪平,襃,博毛,paw
716,定豪平,陶,徒刀,daw
717,精豪平,糟,作曹,tsaw
718,疑豪平,敖,五勞,ngaw
719,從豪平,曹,昨勞,dzaw
720,影豪平,𤏶,於刀,qaw
721,泥豪平,猱,奴刀,naw
722,溪豪平,尻,苦刀,khaw
723,清豪平,操,七刀,tshaw
724,滂豪平,㯱,普袍,phaw
725,見開一歌平,歌,古俄,ka
726,清開一歌平,蹉,七何,tsha
727,端開一歌平,多,得何,ta
728,心開一歌平,娑,素何,sa
729,定開一歌平,駝,徒河,da
730,從開一歌平,醝,昨何,dza
731,疑開一歌平,莪,五何,nga
732,透開一歌平,佗,託何,tha
733,來開一歌平,羅,魯何,la
734,泥開一歌平,那,諾何,na
735,匣開一歌平,何,胡歌,gha
736,曉開一歌平,訶,虎何,ha
737,溪開一歌平,珂,苦何,kha
738,影開一歌平,阿,烏何,qa
739,見合一歌平,戈,古禾,kwa
740,清合一歌平,遳,七戈,tshwa
741,端合一歌平,𨹄,丁戈,twa
742,心合一歌平,莎,蘇禾,swa
743,並一歌平,婆,薄波,ba
744,定合一歌平,㸰,徒和,dwa
745,明一歌平,摩,莫婆,ma
746,從合一歌平,矬,昨禾,dzwa
747,疑合一歌平,訛,五禾,ngwa
748,透合一歌平,詑,土禾,thwa
749,來合一歌平,𩼊,落戈,lwa
750,泥合一歌平,捼,奴禾,nwa
751,幫一歌平,波,博禾,pa
752,滂一歌平,頗,滂禾,pha
753,匣合一歌平,和,戶戈,ghwa
754,溪合一歌平,科,苦禾,khwa
755,影合一歌平,倭,烏禾,qwa
756,曉合三歌平,鞾,許𦚢,hua
757,影合三歌平,𦚢,於靴,qua
758,溪合三歌平,𩨷,去靴,khua
759,羣開三歌平,伽,求迦,gya
760,溪開三歌平,佉,丘伽,khya
761,見開三歌平,迦,居伽,kya
762,清合一歌平,脞,醋伽,tshwa
763,精合一歌平,侳,子𩨷,tswa
764,羣合三歌平,瘸,巨靴,gua
765,來合三歌平,𦣛,縷𩨷,lua
766,明二麻平,麻,莫霞,mae
767,昌開三麻平,車,尺遮,tjhiae
768,書開三麻平,奢,式車,sjiae
769,以開三麻平,邪,以遮,jiae
770,章開三麻平,遮,正奢,tjiae
771,精開三麻平,嗟,子邪,tsiae
772,船開三麻平,蛇,食遮,zjiae
773,匣合二麻平,華,戶花,ghwae
774,見合二麻平,瓜,古華,kwae
775,曉合二麻平,華,呼瓜,hwae
776,溪合二麻平,誇,苦瓜,khwae
777,孃開二麻平,拏,女加,nrae
778,見開二麻平,嘉,古牙,kae
779,匣開二麻平,遐,胡加,ghae
780,滂二麻平,葩,普巴,phae
781,影開二麻平,鴉,於加,qae
782,幫二麻平,巴,伯加,pae
783,初開二麻平,叉,初牙,tsrhae
784,生開二麻平,鯊,所加,srae
785,疑開二麻平,牙,五加,ngae
786,莊開二麻平,樝,側加,tsrae
787,澄開二麻平,𡨀,宅加,drae
788,邪開三麻平,衺,似嗟,ziae
789,常開三麻平,闍,視遮,djiae
790,影合二麻平,窊,烏瓜,qwae
791,莊合二麻平,髽,莊華,tsrwae
792,知合二麻平,檛,陟瓜,trwae
793,並二麻平,爬,蒲巴,bae
794,崇開二麻平,楂,鉏加,dzrae
795,徹開二麻平,侘,敕加,trhae
796,知開二麻平,奓,陟加,trae
797,曉開二麻平,煆,許加,hae
798,溪開二麻平,䶗,苦加,khae
799,從開三麻平,㚗,才邪,dziae
800,日開三麻平,若,人賒,njiae
801,心開三麻平,些,寫邪,siae
802,端開三麻平,爹,陟邪,tiae
803,疑合二麻平,𣢉,五瓜,ngwae
804,溪開二麻平,𣘟,乞加,khae
805,以開陽平,陽,與章,jyang
806,邪開陽平,詳,似羊,zyang
807,來開陽平,良,呂張,lyang
808,曉開陽平,香,許良,hyang
809,書開陽平,商,式羊,sjyang
810,並陽平,房,符方,buang
811,章開陽平,章,諸良,tjyang
812,昌開陽平,昌,尺良,tjhyang
813,溪開陽平,羌,去羊,khyang
814,見開陽平,薑,居良,kyang
815,澄開陽平,長,直良,dryang
816,知開陽平,張,陟良,tryang
817,日開陽平,穰,汝陽,njyang
818,幫陽平,方,府良,puang
819,心開陽平,襄,息良,syang
820,精開陽平,將,即良,tsyang
821,初開陽平,創,初良,tsrhyang
822,明陽平,亡,武方,muang
823,孃開陽平,孃,女良,nryang
824,崇開陽平,牀,士莊,dzryang
825,莊開陽平,莊,側羊,tsryang
826,常開陽平,常,市羊,djyang
827,生開陽平,霜,色莊,sryang
828,從開陽平,牆,在良,dzyang
829,清開陽平,鏘,七羊,tshyang
830,溪合陽平,匡,去王,khuang
831,云合陽平,王,雨方,uang
832,影開陽平,央,於良,qyang
833,羣開陽平,強,巨良,gyang
834,徹開陽平,𦳝,褚羊,trhyang
835,滂陽平,芳,敷方,phuang
836,羣合陽平,狂,巨王,guang
837,定開唐平,唐,徒郎,dang
838,來開唐平,郎,魯當,lang
839,端開唐平,當,都郎,tang
840,清開唐平,倉,七岡,tshang
841,見開唐平,岡,古郎,kang
842,心開唐平,桑,息郎,sang
843,溪開唐平,康,苦岡,khang
844,曉合唐平,荒,呼光,hwang
845,匣合唐平,黃,胡光,ghwang
846,見合唐平,光,古黃,kwang
847,透開唐平,湯,吐郎,thang
848,滂唐平,滂,普郎,phang
849,影合唐平,汪,烏光,qwang
850,影開唐平,鴦,烏郎,qang
851,曉開唐平,炕,呼郎,hang
852,匣開唐平,航,胡郎,ghang
853,明唐平,茫,莫郎,mang
854,精開唐平,臧,則郎,tsang
855,泥開唐平,囊,奴當,nang
856,並唐平,傍,步光,bang
857,疑開唐平,卬,五剛,ngang
858,從開唐平,藏,昨郎,dzang
859,溪合唐平,䯑,苦光,khwang
860,幫唐平,幫,博旁,pang
861,見開二庚平,庚,古行,kaeng
862,溪開二庚平,阬,客庚,khaeng
863,明二庚平,盲,武庚,maeng
864,匣合二庚平,橫,戶盲,ghwaeng
865,幫二庚平,閍,甫盲,paeng
866,曉合二庚平,諻,虎橫,hwaeng
867,見合二庚平,觵,古橫,kwaeng
868,並二庚平,彭,薄庚,baeng
869,曉開二庚平,脝,許庚,haeng
870,徹開二庚平,瞠,丑庚,trhaeng
871,初開二庚平,鎗,楚庚,tsrhaeng
872,崇開二庚平,傖,助庚,dzraeng
873,影開三庚平,霙,於驚,qyaeng
874,滂二庚平,磅,撫庚,phaeng
875,並三庚平,平,符兵,byaeng
876,見開三庚平,驚,舉卿,kyaeng
877,明三庚平,明,武兵,myaeng
878,澄開二庚平,棖,直庚,draeng
879,知開二庚平,趟,竹盲,traeng
880,云合三庚平,榮,永兵,uaeng
881,幫三庚平,兵,甫明,pyaeng
882,曉合三庚平,兄,許榮,huaeng
883,溪開三庚平,卿,去京,khyaeng
884,生開三庚平,生,所庚,sryaeng
885,羣開三庚平,擎,渠京,gyaeng
886,疑開三庚平,迎,語京,ngyaeng
887,匣開二庚平,行,戶庚,ghaeng
888,孃開二庚平,鬤,乃庚,nraeng
889,見開耕平,耕,古莖,keeng
890,溪開耕平,鏗,口莖,kheeng
891,明耕平,甍,莫耕,meeng
892,幫耕平,浜,布耕,peeng
893,匣合耕平,宏,戶萌,ghweeng
894,匣開耕平,莖,戶耕,gheeng
895,知開耕平,朾,中莖,treeng
896,影開耕平,甖,烏莖,qeeng
897,崇開耕平,崢,士耕,dzreeng
898,初開耕平,琤,楚耕,tsrheeng
899,孃開耕平,儜,女耕,nreeng
900,滂耕平,怦,普耕,pheeng
901,曉合耕平,轟,呼宏,hweeng
902,幫耕平,繃,北萌,peeng
903,澄開耕平,橙,宅耕,dreeng
904,影合耕平,泓,烏宏,qweeng
905,並耕平,輣,薄萌,beeng
906,疑開耕平,娙,五莖,ngeeng
907,莊開耕平,爭,側莖,tsreeng
908,清開清平,清,七情,tshiaeng
909,從開清平,情,疾盈,dziaeng
910,精開清平,精,子盈,tsiaeng
911,以開清平,盈,以成,jiaeng
912,以合清平,營,余傾,jwiaeng
913,影開清平,嬰,於盈,qiaeng
914,知開清平,貞,陟盈,triaeng
915,徹開清平,檉,丑貞,trhiaeng
916,常開清平,成,是征,djiaeng
917,澄開清平,呈,直貞,driaeng
918,書開清平,聲,書盈,sjiaeng
919,章開清平,征,諸盈,tjiaeng
920,溪開清平,輕,去盈,khiaeng
921,明清平,名,武并,miaeng
922,來開清平,跉,呂貞,liaeng
923,幫清平,并,府盈,piaeng
924,溪合清平,傾,去營,khwiaeng
925,邪開清平,𩛿,徐盈,ziaeng
926,影合清平,縈,於營,qwiaeng
927,羣合清平,瓊,渠營,gwiaeng
928,心合清平,騂,息營,swiaeng
929,羣開清平,頸,巨成,giaeng
930,曉合清平,𧵣,火營,hwiaeng
931,清開青平,青,倉經,tsheng
932,見開青平,經,古靈,keng
933,匣開青平,㓝,戶經,gheng
934,定開青平,庭,特丁,deng
935,端開青平,丁,當經,teng
936,曉開青平,馨,呼刑,heng
937,心開青平,星,桑經,seng
938,滂青平,竮,普丁,pheng
939,來開青平,靈,郎丁,leng
940,泥開青平,寧,奴丁,neng
941,透開青平,汀,他丁,theng
942,明青平,冥,莫經,meng
943,並青平,瓶,薄經,beng
944,匣合青平,熒,戶扃,ghweng
945,見合青平,扃,古螢,kweng
946,章開蒸平,蒸,煑仍,tjyng
947,常開蒸平,承,署陵,djyng
948,澄開蒸平,澂,直陵,dryng
949,來開蒸平,陵,力膺,lyng
950,影開蒸平,膺,於陵,qyng
951,並蒸平,凭,扶冰,bying
952,幫蒸平,冫,筆陵,pying
953,以開蒸平,蠅,余陵,jyng
954,船開蒸平,繩,食陵,zjyng
955,書開蒸平,升,識蒸,sjyng
956,日開蒸平,仍,如乘,njyng
957,見開蒸平,兢,居陵,kyng
958,知開蒸平,徵,陟陵,tryng
959,從開蒸平,繒,疾陵,dzyng
960,疑開蒸平,凝,魚陵,ngyng
961,曉開蒸平,興,虛陵,hyng
962,昌開蒸平,稱,處陵,tjhyng
963,羣開蒸平,殑,其矜,gyng
964,生開蒸平,㱡,山矜,sryng
965,溪開B蒸平,硱,綺兢,khying
966,徹開蒸平,僜,丑升,trhyng
967,崇開蒸平,磳,仕兢,dzryng
968,滂蒸平,砯,披冰,phying
969,端開登平,登,都滕,teong
970,來開登平,楞,魯登,leong
971,心開登平,僧,蘇增,seong
972,幫登平,崩,北滕,peong
973,精開登平,增,作滕,tseong
974,明登平,瞢,武登,meong
975,從開登平,層,昨棱,dzeong
976,並登平,朋,步崩,beong
977,匣合登平,弘,胡肱,ghweong
978,見合登平,肱,古弘,kweong
979,曉合登平,薨,呼肱,hweong
980,泥開登平,能,奴登,neong
981,定開登平,騰,徒登,deong
982,匣開登平,恆,胡登,gheong
983,見開登平,揯,古恆,keong
984,透開登平,鼟,他登,theong
985,滂登平,漰,普朋,pheong
986,云尤平,尤,羽求,u
987,影尤平,憂,於求,qu
988,來尤平,劉,力求,lu
989,清尤平,秋,七由,tshu
990,以尤平,猷,以周,ju
991,疑尤平,牛,語求,ngu
992,精尤平,遒,即由,tsu
993,從尤平,酋,自秋,dzu
994,心尤平,脩,息流,su
995,徹尤平,抽,丑鳩,trhu
996,溪B幽平,𠁫,去秋,khyiw
997,昌尤平,犫,赤周,tjhu
998,章尤平,周,職流,tju
999,常尤平,讎,市流,dju
1000,日尤平,柔,耳由,nju
1001,書尤平,收,式州,sju
1002,溪尤平,丘,去鳩,khu
1003,滂尤平,䬌,匹尤,phu
1004,見尤平,鳩,居求,ku
1005,幫尤平,不,甫鳩,pu
1006,生尤平,𢯱,所鳩,sru
1007,初尤平,搊,楚鳩,tsrhu
1008,莊尤平,鄒,側鳩,tsru
1009,崇尤平,愁,士尤,dzru
1010,曉尤平,休,許尤,hu
1011,邪尤平,囚,似由,zu
1012,澄尤平,儔,直由,dru
1013,知尤平,輈,張流,tru
1014,羣尤平,𧚍,巨鳩,gu
1015,並尤平,浮,縛謀,bu
1016,明尤平,謀,莫浮,mu
1017,匣侯平,侯,戶鉤,ghou
1018,影侯平,謳,烏侯,qou
1019,泥侯平,羺,奴鉤,nou
1020,來侯平,樓,落侯,lou
1021,心侯平,涑,速侯,sou
1022,溪侯平,彄,恪侯,khou
1023,曉侯平,齁,呼侯,hou
1024,精侯平,𣠏,子侯,tsou
1025,透侯平,偷,託侯,thou
1026,定侯平,頭,度侯,dou
1027,疑侯平,齵,五婁,ngou
1028,見侯平,鉤,古侯,kou
1029,端侯平,兜,當侯,tou
1030,從侯平,㔌,徂鉤,dzou
1031,並侯平,裒,薄侯,bou
1032,清侯平,䜅,千侯,tshou
1033,明侯平,呣,亡侯,mou
1034,影幽平,幽,於虯,qiw
1035,羣幽平,虯,渠幽,giw
1036,幫幽平,彪,甫烋,pyiw
1037,來幽平,鏐,力幽,liw
1038,見幽平,樛,居虯,kiw
1039,並幽平,淲,皮彪,byiw
1040,精之平,稵,子絲,tsy
1041,心覃平,犙,山函,som
1042,疑幽平,聱,語虯,ngiw
1043,曉幽平/曉B幽平,飍/烋,香幽,hiw/hyiw
1044,明幽平,繆,武彪,myiw
1045,清侵平,侵,七林,tshim
1046,邪侵平,尋,徐林,zim
1047,來侵平,林,力尋,lim
1048,徹侵平,琛,丑林,trhim
1049,章侵平,斟,職深,tjim
1050,澄侵平,沈,直深,drim
1051,知侵平,碪,知林,trim
1052,常侵平,諶,氏任,djim
1053,日侵平,任,如林,njim
1054,書侵平,深,式針,sjim
1055,以侵平,淫,餘針,jim
1056,心侵平,心,息林,sim
1057,影A侵平,愔,挹淫,qim
1058,精侵平,祲,子心,tsim
1059,從侵平,𩷒,昨淫,dzim
1060,孃侵平,䛘,女心,nrim
1061,羣B侵平,琴,巨金,gyim
1062,溪B侵平,欽,去金,khyim
1063,疑B侵平,吟,魚金,ngyim
1064,曉B侵平,歆,許金,hyim
1065,見B侵平,金,居吟,kyim
1066,影B侵平,音,於金,qyim
1067,生侵平,森,所今,sryim
1068,崇侵平,岑,鋤針,dzryim
1069,莊侵平,兂,側吟,tsryim
1070,初侵平,嵾,楚簪,tsrhyim
1071,昌侵平,𧡪,充針,tjhim
1072,定覃平,覃,徒含,dom
1073,清覃平,參,倉含,tshom
1074,泥覃平,南,那含,nom
1075,影覃平,諳,烏含,qom
1076,匣覃平,含,胡男,ghom
1077,來覃平,婪,盧含,lom
1078,從覃平,蠶,昨含,dzom
1079,精覃平,簪,作含,tsom
1080,透覃平,探,他含,thom
1081,端覃平,耽,丁含,tom
1082,溪覃平,龕,口含,khom
1083,曉覃平,㟏,火含,hom
1084,心覃平,毿,蘇含,som
1085,見覃平,弇,古南,kom
1086,疑覃平,䜙,五含,ngom
1087,定談平,談,徒甘,dam
1088,見談平,甘,古三,kam
1089,端談平,擔,都甘,tam
1090,心談平,三,蘇甘,sam
1091,來談平,藍,魯甘,lam
1092,溪談平,坩,苦甘,kham
1093,透談平,舑,他酣,tham
1094,從談平,慙,昨甘,dzam
1095,匣談平,酣,胡甘,gham
1096,明談平,姏,武酣,mam
1097,精談平,𩈻,作三,tsam
1098,曉談平,蚶,呼談,ham
1099,以鹽平,鹽,余廉,jiem
1100,來鹽平,廉,力鹽,liem
1101,幫B鹽平,砭,府廉,pyem
1102,心鹽平,銛,息廉,siem
1103,清鹽平,籤,七廉,tshiem
1104,章鹽平,詹,職廉,tjiem
1105,常鹽平,棎,視占,djiem
1106,書鹽平,苫,失廉,sjiem
1107,昌鹽平,䪜,處占,tjhiem
1108,日鹽平,𩓾,汝鹽,njiem
1109,孃鹽平,黏,女廉,nriem
1110,云鹽平,炎,于廉,yem
1111,知鹽平,霑,張廉,triem
1112,徹鹽平,覘,丑廉,trhiem
1113,影B鹽平,淹,央炎,qyem
1114,溪B鹽平,𢜩,丘廉,khyem
1115,疑B鹽平,𪙊,語廉,ngyem
1116,精鹽平,尖,子廉,tsiem
1117,從鹽平,潛,昨鹽,dziem
1118,羣B鹽平,箝,巨淹,gyem
1119,影A鹽平,懕,一鹽,qiem
1120,邪鹽平,燅,徐鹽,ziem
1121,生鹽平,襳,史炎,sryem
1122,澄鹽平,㶣,直廉,driem
1123,羣A鹽平,鍼,巨鹽,giem
1124,透添平,添,他兼,them
1125,端添平,𩬑,丁兼,tem
1126,定添平,甜,徒兼,dem
1127,來添平,鬑,勒兼,lem
1128,溪添平,謙,苦兼,khem
1129,見添平,兼,古甜,kem
1130,匣添平,嫌,戶兼,ghem
1131,泥添平,鮎,奴兼,nem
1132,曉添平,馦,許兼,hem
1133,匣咸平,咸,胡讒,gheem
1134,見咸平,緘,古咸,keem
1135,生咸平,攕,所咸,sreem
1136,影咸平,𤟟,乙咸,qeem
1137,疑咸平,嵒,五咸,ngeem
1138,曉咸平,㰹,許咸,heem
1139,知咸平,詀,竹咸,treem
1140,孃咸平,諵,女咸,nreem
1141,崇咸平,讒,士咸,dzreem
1142,溪咸平,鵮,苦咸,kheem
1143,匣銜平,銜,戶監,ghaem
1144,崇銜平,巉,鋤銜,dzraem
1145,疑銜平,巖,五銜,ngaem
1146,初銜平,攙,楚銜,tsrhaem
1147,生銜平,衫,所銜,sraem
1148,見銜平,監,古銜,kaem
1149,並銜平,𨂝,白銜,baem
1150,溪銜平,嵌,口銜,khaem
1151,疑嚴平,嚴,語𩏩,ngyom
1152,曉嚴平,𩏩,虛嚴,hyom
1153,影嚴平,醃,於嚴,qyom
1154,溪嚴平,㪁,丘嚴,khyom
1155,並凡平,凡,符䒦,buom
1156,滂凡平,䒦,匹凡,phuom
1157,端一東上,董,多動,toungq
1158,明一東上,蠓,莫孔,moungq
1159,溪一東上,孔,康董,khoungq
1160,心一東上,㪌,先孔,soungq
1161,透一東上,侗,他孔,thoungq
1162,精一東上,總,作孔,tsoungq
1163,匣一東上,澒,胡孔,ghoungq
1164,影一東上,蓊,烏孔,qoungq
1165,泥一東上,𨑊,奴動,noungq
1166,幫一東上,琫,邊孔,poungq
1167,來一東上,曨,力董,loungq
1168,曉一東上,嗊,呼孔,houngq
1169,定一東上,動,徒摠,doungq
1170,並一東上,菶,蒲蠓,boungq
1171,章鍾上,腫,之隴,tjuongq
1172,徹鍾上,寵,丑隴,trhuongq
1173,來鍾上,隴,力踵,luongq
1174,影鍾上,擁,於隴,quongq
1175,日鍾上,宂,而隴,njuongq
1176,澄鍾上,重,直隴,druongq
1177,知鍾上,冢,知隴,truongq
1178,並鍾上,奉,扶隴,buongq
1179,滂鍾上,捧,敷奉,phuongq
1180,以鍾上,勇,余隴,juongq
1181,溪鍾上,恐,丘隴,khuongq
1182,常鍾上,尰,時宂,djuongq
1183,見鍾上,拱,居悚,kuongq
1184,心鍾上,悚,息拱,suongq
1185,曉鍾上,洶,許拱,huongq
1186,幫鍾上,覂,方勇,puongq
1187,端冬上,湩,都𪁪,tongq
1188,明冬上,𪁪,莫湩,mongq
1189,羣鍾上,䅃,渠隴,guongq
1190,昌鍾上,𨿿,充隴,tjhuongq
1191,清鍾上,幒,且勇,tshuongq
1192,精鍾上,䙕,子冢,tsuongq
1193,見江上,講,古項,koeungq
1194,並江上,㭋,步項,boeungq
1195,影江上,慃,烏項,qoeungq
1196,明江上,𠈵,武項,moeungq
1197,匣江上,項,胡講,ghoeungq
1198,幫江上,𦂌,巴講,poeungq
1199,曉江上,傋,虛慃,hoeungq
1200,章開支上,紙,諸氏,tjieq
1201,常開支上,是,承紙,djieq
1202,明B支上,靡,文彼,myeq
1203,幫B支上,彼,甫委,pyeq
1204,並B支上,被,皮彼,byeq
1205,曉合B支上,毀,許委,hueq
1206,影合B支上,委,於詭,queq
1207,溪合B支上,跪,去委,khueq
1208,見合B支上,詭,過委,kueq
1209,心合支上,髓,息委,swieq
1210,來合支上,絫,力委,lwieq
1211,羣開B支上,技,渠綺,gyeq
1212,影開B支上,倚,於綺,qyeq
1213,見開B支上,掎,居綺,kyeq
1214,溪開B支上,綺,墟彼,khyeq
1215,疑開B支上,螘,魚倚,ngyeq
1216,云合支上,蔿,韋委,ueq
1217,精合支上,觜,即委,tswieq
1218,日合支上,蘂,如累,njwieq
1219,清開支上,此,雌氏,tshieq
1220,澄開支上,豸,池爾,drieq
1221,心開支上,徙,斯氏,sieq
1222,以開支上,酏,移爾,jieq
1223,來開支上,邐,力紙,lieq
1224,生開支上,躧,所綺,sryeq
1225,幫A支上,𢔌,并弭,pieq
1226,日開支上,爾,兒氏,njieq
1227,明A支上,渳,綿婢,mieq
1228,並A支上,婢,便俾,bieq
1229,昌開支上,侈,尺氏,tjhieq
1230,書開支上,弛,施是,sjieq
1231,精開支上,紫,將此,tsieq
1232,章合支上,捶,之累,tjwieq
1233,初合支上,揣,初委,tsrhueq
1234,邪合支上,𤢍,隨婢,zwieq
1235,船開支上,舓,神帋,zjieq
1236,莊開支上,㧗,側氏,tsryeq
1237,滂B支上,㱟,匹靡,phyeq
1238,滂A支上,諀,匹婢,phieq
1239,以合支上,䓈,羊捶,jwieq
1240,從合支上,惢,才捶,dzwieq
1241,溪合A支上,跬,丘弭,khwieq
1242,孃開支上,狔,女氏,nrieq
1243,疑合B支上,硊,魚毀,ngueq
1244,羣合B支上,跪,渠委,gueq
1245,徹開支上,褫,敕豸,trhieq
1246,知開支上,㨖,陟侈,trieq
1247,曉開B支上,𪖥,興倚,hyeq
1248,溪開A支上,企,丘弭,khieq
1249,常合支上,菙,時髓,djwieq
1250,見開A支上,枳,居帋,kieq
1251,章開脂上,旨,職雉,tjiq
1252,常開脂上,視,承矢,djiq
1253,明B脂上,美,無鄙,myiq
1254,幫B脂上,鄙,方美,pyiq
1255,邪開脂上,兕,徐姊,ziq
1256,見開B脂上,几,居履,kyiq
1257,精開脂上,姊,將几,tsiq
1258,幫A脂上,匕,卑履,piq
1259,見合B脂上,軌,居洧,kuiq
1260,云合脂上,洧,榮美,uiq
1261,書開脂上,矢,式視,sjiq
1262,澄開脂上,雉,直几,driq
1263,心開脂上,死,息姊,siq
1264,並A脂上,牝,扶履,biq
1265,來開脂上,履,力几,liq
1266,書合脂上,水,式軌,sjwiq
1267,來合脂上,壘,力軌,lwiq
1268,羣合A脂上,揆,求癸,gwiq
1269,清合脂上,趡,千水,tshwiq
1270,孃開脂上,柅,女履,nriq
1271,見合A脂上,癸,居誄,kwiq
1272,並B脂上,否,符鄙,byiq
1273,從合脂上,㠑,徂累,dzwiq
1274,滂B脂上,嚭,匹鄙,phyiq
1275,日合脂上,蕊,如壘,njwiq
1276,以合脂上,唯,以水,jwiq
1277,影開B脂上,㰻,於几,qyiq
1278,精合脂上,濢,遵誄,tswiq
1279,知開脂上,黹,豬几,triq
1280,徹開脂上,𡳭,楮几,trhiq
1281,章開脂上,𧿲,止姊,tjiq
1282,曉合A脂上,䁤,火癸,hwiq
1283,羣合B脂上,䣀,暨軌,guiq
1284,羣開B脂上,跽,暨几,gyiq
1285,溪合B脂上,巋,丘軌,khuiq
1286,章之上,止,諸市,tjyq
1287,常之上,市,時止,djyq
1288,知之上,徵,陟里,tryq
1289,曉之上,喜,虛里,hyq
1290,見之上,紀,居理,kyq
1291,以之上,以,羊己,jyq
1292,邪之上,似,詳里,zyq
1293,生之上,史,疎士,sryq
1294,日之上,耳,而止,njyq
1295,來之上,里,良士,lyq
1296,心之上,枲,胥里,syq
1297,書之上,始,詩止,sjyq
1298,澄之上,歭,直里,dryq
1299,溪之上,起,墟里,khyq
1300,崇之上,士,鉏里,dzryq
1301,俟之上,俟,牀史,zryq
1302,精之上,子,即里,tsyq
1303,云之上,矣,于紀,yq
1304,疑之上,擬,魚紀,ngyq
1305,昌之上,齒,昌里,tjhyq
1306,徹之上,恥,敕里,trhyq
1307,初之上,㓼,初紀,tsrhyq
1308,莊之上,滓,阻史,tsryq
1309,影之上,譩,於擬,qyq
1310,孃之上,伱,乃里,nryq
1311,明微上,尾,無匪,mujq
1312,影開微上,扆,於豈,qyjq
1313,溪開微上,豈,袪豨,khyjq
1314,見開微上,蟣,居豨,kyjq
1315,滂微上,斐,敷尾,phujq
1316,幫微上,匪,府尾,pujq
1317,云合微上,韙,于鬼,ujq
1318,見合微上,鬼,居偉,kujq
1319,曉合微上,虺,許偉,hujq
1320,疑開微上,顗,魚豈,ngyjq
1321,曉開微上,豨,虛豈,hyjq
1322,影合微上,磈,於鬼,qujq
1323,並微上,膹,浮鬼,bujq
1324,疑魚上,語,魚巨,ngyoq
1325,來魚上,呂,力舉,lyoq
1326,澄魚上,佇,直呂,dryoq
1327,以魚上,與,余呂,jyoq
1328,章魚上,䰞,章与,tjyoq
1329,日魚上,汝,人渚,njyoq
1330,書魚上,暑,舒呂,sjyoq
1331,昌魚上,杵,昌與,tjhyoq
1332,知魚上,貯,丁呂,tryoq
1333,心魚上,諝,私呂,syoq
1334,徹魚上,楮,丑呂,trhyoq
1335,孃魚上,女,尼呂,nryoq
1336,曉魚上,許,虛呂,hyoq
1337,羣魚上,巨,其呂,gyoq
1338,生魚上,所,疎舉,sryoq
1339,初魚上,楚,創舉,tsrhyoq
1340,莊魚上,阻,側呂,tsryoq
1341,崇魚上,齟,牀呂,dzryoq
1342,從魚上,咀,慈呂,dzyoq
1343,影魚上,𢮁,於許,qyoq
1344,見魚上,舉,居許,kyoq
1345,邪魚上,敘,徐呂,zyoq
1346,溪魚上,去,羌舉,khyoq
1347,船魚上,紓,神與,zjyoq
1348,常魚上,野,承與,djyoq
1349,清魚上,𤿚,七與,tshyoq
1350,精魚上,苴,子與,tsyoq
1351,疑虞上,麌,虞矩,nguoq
1352,云虞上,羽,王矩,uoq
1353,從虞上,聚,慈庾,dzuoq
1354,幫虞上,甫,方矩,puoq
1355,明虞上,武,文甫,muoq
1356,並虞上,父,扶雨,buoq
1357,滂虞上,撫,芳武,phuoq
1358,澄虞上,柱,直主,druoq
1359,曉虞上,詡,況羽,huoq
1360,常虞上,豎,臣庾,djuoq
1361,以虞上,庾,以主,juoq
1362,章虞上,主,之庾,tjuoq
1363,影虞上,傴,於武,quoq
1364,溪虞上,齲,驅雨,khuoq
1365,知虞上,拄,知庾,truoq
1366,日虞上,乳,而主,njuoq
1367,羣虞上,窶,其矩,guoq
1368,生虞上,數,所矩,sruoq
1369,見虞上,矩,俱雨,kuoq
1370,清虞上,取,七庾,tshuoq
1371,來虞上,縷,力主,luoq
1372,心虞上,𦄼,相庾,suoq
1373,崇虞上,䝒,鶵禹,dzruoq
1374,明模上,姥,莫補,moq
1375,透模上,土,他魯,thoq
1376,定模上,杜,徒古,doq
1377,來模上,魯,郎古,loq
1378,清模上,蔖,采古,tshoq
1379,端模上,覩,當古,toq
1380,見模上,古,公戶,koq
1381,疑模上,五,疑古,ngoq
1382,並模上,簿,裴古,boq
1383,從模上,粗,徂古,dzoq
1384,精模上,祖,則古,tsoq
1385,曉模上,虎,呼古,hoq
1386,影模上,隖,安古,qoq
1387,溪模上,苦,康杜,khoq
1388,泥模上,怒,奴古,noq
1389,匣模上,戶,侯古,ghoq
1390,滂模上,普,滂古,phoq
1391,幫模上,補,博古,poq
1392,從開齊上,薺,徂禮,dzejq
1393,來開齊上,禮,盧啓,lejq
1394,透開齊上,體,他禮,thejq
1395,滂齊上,䫌,匹米,phejq
1396,精開齊上,濟,子禮,tsejq
1397,端開齊上,邸,都禮,tejq
1398,定開齊上,弟,徒禮,dejq
1399,泥開齊上,禰,奴禮,nejq
1400,心開齊上,洗,先禮,sejq
1401,清開齊上,泚,千禮,tshejq
1402,溪開齊上,啓,康禮,khejq
1403,匣開齊上,徯,胡禮,ghejq
1404,明齊上,米,莫禮,mejq
1405,並齊上,陛,傍禮,bejq
1406,影開齊上,𠯋,烏弟,qejq
1407,疑開齊上,堄,研啓,ngejq
1408,幫齊上,㪏,補米,pejq
1409,匣開佳上,蟹,胡買,gheeq
1410,明佳上,買,莫蟹,meeq
1411,溪開佳上,䒓,苦蟹,kheeq
1412,澄開佳上,廌,宅買,dreeq
1413,孃開佳上,嬭,奴蟹,nreeq
1414,並佳上,罷,薄蟹,beeq
1415,影開佳上,矮,烏蟹,qeeq
1416,幫佳上,擺,北買,peeq
1417,見開佳上,解,佳買,keeq
1418,生開佳上,灑,所蟹,sreeq
1419,見合佳上,𠁥,乖買,kweeq
1420,曉合佳上,㧳,火夥,hweeq
1421,匣合佳上,夥,懷𠁥,ghweeq
1422,曉合佳上,扮,花夥,hweeq
1423,定開佳上/見合佳上,箉/拐,乖蟹,deeq/kweeq
1424,匣開皆上,駭,侯楷,gheejq
1425,溪開皆上,楷,苦駭,kheejq
1426,疑開皆上,騃,五駭,ngeejq
1427,影開皆上,挨,於駭,qeejq
1428,曉灰上,賄,呼罪,hojq
1429,影灰上,猥,烏賄,qojq
1430,來灰上,磥,落猥,lojq
1431,定灰上,錞,徒猥,dojq
1432,從灰上,辠,徂賄,dzojq
1433,明灰上,浼,武罪,mojq
1434,透灰上,骽,吐猥,thojq
1435,匣灰上,瘣,胡罪,ghojq
1436,溪灰上,䫥,口猥,khojq
1437,端灰上,𦞙,都罪,tojq
1438,泥灰上,餧,奴罪,nojq
1439,端灰上,𩬳,陟賄,tojq
1440,疑灰上,頠,五罪,ngojq
1441,清灰上,皠,七罪,tshojq
1442,並灰上,琲,蒲罪,bojq
1443,精灰上,嶊,子罪,tsojq
1444,云合廢上,倄,于罪,uojq
1445,曉咍上,海,呼改,heojq
1446,溪咍上,愷,苦亥,kheojq
1447,精咍上,宰,作亥,tseojq
1448,定咍上,駘,徒亥,deojq
1449,泥咍上,乃,奴亥,neojq
1450,見咍上,改,古亥,keojq
1451,匣咍上,亥,胡改,gheojq
1452,滂灰上,啡,匹愷,phojq
1453,清咍上,采,倉宰,tsheojq
1454,昌開廢上,茝,昌紿,tjhyojq
1455,端咍上,等,多改,teojq
1456,明灰上,䆀,莫亥,mojq
1457,從咍上,在,昨宰,dzeojq
1458,滂灰上,俖,普乃,phojq
1459,影咍上,欸,於改,qeojq
1460,以開廢上,佁,夷在,jyojq
1461,透咍上,㘆,他亥,theojq
1462,泥咍上,疓,如亥,neojq
1463,來咍上,𨦂,來改,leojq
1464,以開廢上,䑂,與改,jyojq
1465,並灰上,倍,薄亥,bojq
1466,章開眞上,軫,章忍,tjinq
1467,徹開眞上,辴,丑忍,trhinq
1468,常開眞上,腎,時忍,djinq
1469,日開眞上,忍,而軫,njinq
1470,書開眞上,矤,式忍,sjinq
1471,來開眞上,嶙,良忍,linq
1472,澄開眞上,紖,直引,drinq
1473,見開A眞上,緊,居忍,kinq
1474,從開眞上,盡,慈忍,dzinq
1475,精開眞上,㯸,即忍,tsinq
1476,並A眞上,牝,毗忍,binq
1477,疑開B眞上,釿,宜引,ngyinq
1478,清開眞上,笉,七忍,tshinq
1479,羣合B眞上,窘,渠殞,guinq
1480,以開眞上,引,余忍,jinq
1481,明B眞上,愍,眉殞,myinq
1482,明A眞上,泯,武盡,minq
1483,云合眞上,殞,于敏,uinq
1484,章合眞上,準,之尹,tjwinq
1485,以合眞上,尹,余準,jwinq
1486,心合眞上,筍,思尹,swinq
1487,日合仙上,蝡,而兖,njwienq
1488,昌合眞上,蠢,尺尹,tjhwinq
1489,船合眞上,盾,食尹,zjwinq
1490,徹合眞上,偆,癡準,trhwinq
1491,來合眞上,耣,力準,lwinq
1492,日合眞上,𣯍,而尹,njwinq
1493,溪合B眞上,𦃢,丘尹,khuinq
1494,溪開A眞上,螼,弃忍,khinq
1495,書合眞上,賰,式允,sjwinq
1496,曉開B眞上,脪,興腎,hyinq
1497,崇開眞上,濜,鉏紖,dzryinq
1498,知開眞上,屒,珍忍,trinq
1499,明文上,吻,武粉,munq
1500,幫文上,粉,方吻,punq
1501,並文上,憤,房吻,bunq
1502,滂文上,忿,敷粉,phunq
1503,影文上,惲,於粉,qunq
1504,疑文上,齳,魚吻,ngunq
1505,云文上,抎,云粉,unq
1506,溪文上,𧼐,丘粉,khunq
1507,影欣上,隱,於謹,qynq
1508,見欣上,謹,居隱,kynq
1509,莊開眞上,𧤛,仄謹,tsryinq
1510,溪欣上,赾,丘謹,khynq
1511,羣欣上,近,其謹,gynq
1512,初開眞上,齔,初謹,tsrhyinq
1513,疑欣上,听,牛謹,ngynq
1514,曉欣上,䘆,休謹,hynq
1515,疑合元上,阮,虞遠,nguonq
1516,云合元上,遠,雲阮,uonq
1517,影開元上,偃,於幰,qyonq
1518,見開元上,湕,居偃,kyonq
1519,羣開元上,寋,其偃,gyonq
1520,溪開元上,𧥛,去偃,khyonq
1521,疑開元上,𧥜,語偃,ngyonq
1522,曉開元上,幰,虛偃,hyonq
1523,明元上,晚,無遠,muonq
1524,幫元上,反,府遠,puonq
1525,羣合元上,𧯦,求晚,guonq
1526,影合元上,婉,於阮,quonq
1527,溪合元上,䅚,去阮,khuonq
1528,曉合元上,暅,況晚,huonq
1529,並元上,飯,扶晚,buonq
1530,匣魂上,混,胡本,ghonq
1531,滂魂上,翉,普本,phonq
1532,清魂上,忖,倉本,tshonq
1533,幫魂上,本,布忖,ponq
1534,心魂上,損,蘇本,sonq
1535,精魂上,𠟃,兹損,tsonq
1536,影魂上,穩,烏本,qonq
1537,定魂上,囤,徒損,donq
1538,從魂上,鱒,才本,dzonq
1539,見魂上,𩩌,古本,konq
1540,透魂上,畽,他袞,thonq
1541,溪魂上,閫,苦本,khonq
1542,來魂上,㤻,盧本,lonq
1543,並魂上,獖,蒲本,bonq
1544,明魂上,懣,模本,monq
1545,泥魂上,㶧,乃本,nonq
1546,曉魂上,𦃕,虛本,honq
1547,匣痕上,很,胡墾,gheonq
1548,溪痕上,墾,康很,kheonq
1549,見痕上,䫀,古很,keonq
1550,匣開寒上,旱,胡笴,ghanq
1551,端開寒上,亶,多旱,tanq
1552,透開寒上,坦,他但,thanq
1553,心開寒上,散,蘇旱,sanq
1554,定開寒上,但,徒旱,danq
1555,從開寒上,瓚,藏旱,dzanq
1556,見開寒上,笴,古旱,kanq
1557,來開寒上,嬾,落旱,lanq
1558,溪開寒上,侃,空旱,khanq
1559,曉開寒上,䍐,呼旱,hanq
1560,精開寒上,䰖,作旱,tsanq
1561,匣合寒上,緩,胡管,ghwanq
1562,端合寒上,短,都管,twanq
1563,影合寒上,椀,烏管,qwanq
1564,透合寒上,疃,吐緩,thwanq
1565,心合寒上,算,蘇管,swanq
1566,見合寒上,管,古滿,kwanq
1567,來合寒上,卵,盧管,lwanq
1568,溪合寒上,款,苦管,khwanq
1569,泥合寒上,煗,乃管,nwanq
1570,精合寒上,纂,作管,tswanq
1571,並寒上,伴,蒲旱,banq
1572,明寒上,滿,莫旱,manq
1573,幫寒上,粄,博管,panq
1574,從合寒上,鄹,辝纂,dzwanq
1575,定合寒上,斷,徒管,dwanq
1576,泥開寒上,攤,奴但,nanq
1577,滂寒上,坢,普伴,phanq
1578,生開刪上,潸,數板,sraenq
1579,影合刪上,綰,烏板,qwaenq
1580,幫刪上,版,布綰,paenq
1581,莊開刪上,䩆,側板,tsraenq
1582,孃開刪上,赧,奴板,nraenq
1583,匣開刪上,僩,下赧,ghaenq
1584,匣合刪上,睆,戶板,ghwaenq
1585,並刪上,阪,扶板,baenq
1586,明刪上,矕,武板,maenq
1587,崇開刪上,𪘪,士板,dzraenq
1588,疑開刪上,𪗙,五板,ngaenq
1589,初開刪上,㹽,初板,tsrhaenq
1590,滂刪上,眅,普板,phaenq
1591,崇合刪上,撰,雛鯇,dzrwaenq
1592,生開山上,產,所簡,sreenq
1593,匣開山上,限,胡簡,gheenq
1594,明山上,𥇅,武簡,meenq
1595,見開山上,簡,古限,keenq
1596,初開山上,剗,初限,tsrheenq
1597,崇開山上,棧,士限,dzreenq
1598,疑開山上,眼,五限,ngeenq
1599,莊開山上,醆,阻限,tsreenq
1600,初合山上,㦃,初綰,tsrhweenq
1601,溪開山上,齦,起限,kheenq
1602,心開先上,銑,蘇典,senq
1603,透開先上,腆,他典,thenq
1604,端開先上,典,多殄,tenq
1605,影開先上,蝘,於殄,qenq
1606,定開先上,殄,徒典,denq
1607,見開先上,繭,古典,kenq
1608,匣開先上,峴,胡典,ghenq
1609,曉開先上,顯,呼典,henq
1610,明先上,㨠,彌殄,menq
1611,泥開先上,撚,乃殄,nenq
1612,幫先上,編,方典,penq
1613,匣合先上,泫,胡畎,ghwenq
1614,見合先上,𡿨,姑泫,kwenq
1615,並先上,辮,薄泫,benq
1616,溪合先上,犬,苦泫,khwenq
1617,溪開先上,𥧬,牽繭,khenq
1618,疑開先上,齞,研峴,ngenq
1619,心開仙上,獮,息淺,sienq
1620,以開仙上,演,以淺,jienq
1621,從開仙上,踐,慈演,dzienq
1622,知開仙上,展,知演,trienq
1623,章開仙上,𦗢,旨善,tjienq
1624,孃開仙上,趁,尼展,nrienq
1625,清開仙上,淺,七演,tshienq
1626,昌開仙上,闡,昌善,tjhienq
1627,溪開A仙上,遣,去演,khienq
1628,見開B仙上,蹇,九輦,kyenq
1629,常開仙上,善,常演,djienq
1630,精開仙上,翦,即淺,tsienq
1631,日開仙上,蹨,人善,njienq
1632,邪開仙上,𦆀,徐翦,zienq
1633,來開仙上,輦,力展,lienq
1634,疑開B仙上,齴,魚蹇,ngyenq
1635,羣開B仙上,件,其輦,gyenq
1636,並B仙上,辯,符蹇,byenq
1637,明A仙上,緬,彌兗,mienq
1638,幫A仙上,褊,方緬,pienq
1639,精合仙上,臇,子兗,tswienq
1640,從合仙上,雋,徂兗,dzwienq
1641,幫B仙上,辡,方免,pyenq
1642,以合仙上,兗,以轉,jwienq
1643,來合仙上,臠,力兗,lwienq
1644,知合仙上,轉,陟兗,trwienq
1645,見合B仙上,卷,居轉,kuenq
1646,羣合B仙上,圈,渠篆,guenq
1647,日合仙上,輭,而兗,njwienq
1648,昌合仙上,舛,昌兗,tjhwienq
1649,常合仙上,膞,市兗,djwienq
1650,澄合仙上,篆,持兗,drwienq
1651,章合仙上,剸,旨兗,tjwienq
1652,心合仙上,選,思兗,swienq
1653,崇合仙上,撰,士免,dzruenq
1654,羣合A仙上,蜎,狂兗,gwienq
1655,曉合A仙上,蠉,香兗,hwienq
1656,並A仙上,楩,符善,bienq
1657,明B仙上,免,亡辨,myenq
1658,徹開仙上,搌,丑善,trhienq
1659,滂B仙上,鴘,披免,phyenq
1660,書開仙上,㒄,式善,sjienq
1661,影開B仙上,㫃,於蹇,qyenq
1662,澄開仙上,邅,除善,drienq
1663,崇開仙上,棧,士免,dzryenq
1664,心蕭上,篠,先鳥,sewq
1665,見蕭上,皎,古了,kewq
1666,端蕭上,鳥,都了,tewq
1667,來蕭上,了,盧鳥,lewq
1668,透蕭上,朓,土了,thewq
1669,曉蕭上,䥵,馨皛,hewq
1670,影蕭上,杳,烏晈,qewq
1671,泥蕭上,嬲,奴鳥,newq
1672,匣蕭上,皛,胡了,ghewq
1673,定蕭上,窕,徒了,dewq
1674,溪蕭上,磽,苦皎,khewq
1675,精蕭上,湫,子了,tsewq
1676,心宵上,小,私兆,siewq
1677,澄宵上,肈,治小,driewq
1678,章宵上,沼,之少,tjiewq
1679,影B宵上,夭,於兆,qyewq
1680,徹宵上,巐,丑小,trhiewq
1681,書宵上,少,書沼,sjiewq
1682,日宵上,擾,而沼,njiewq
1683,並A宵上,摽,符少,biewq
1684,昌宵上,𪍑,尺沼,tjhiewq
1685,滂A宵上,縹,敷沼,phiewq
1686,明A宵上,眇,亡沼,miewq
1687,常宵上,紹,市沼,djiewq
1688,見B宵上,矯,居夭,kyewq
1689,幫B宵上,表,陂矯,pyewq
1690,幫A宵上,褾,方小,piewq
1691,並B宵上,藨,平表,byewq
1692,以宵上,鷕,以沼,jiewq
1693,清宵上,悄,親小,tshiewq
1694,精宵上,剿,子小,tsiewq
1695,羣B宵上,𨲭,巨夭,gyewq
1696,來宵上,繚,力小,liewq
1697,滂B宵上,麃,滂表,phyewq
1698,影A宵上,闄,於小,qiewq
1699,溪肴上,巧,苦絞,khaewq
1700,匣肴上,澩,下巧,ghaewq
1701,幫肴上,飽,博巧,paewq
1702,孃肴上,㺒,奴巧,nraewq
1703,明肴上,卯,莫飽,maewq
1704,見肴上,絞,古巧,kaewq
1705,莊肴上,爪,側絞,tsraewq
1706,影肴上,拗,於絞,qaewq
1707,並肴上,鮑,薄巧,baewq
1708,疑肴上,齩,五巧,ngaewq
1709,崇肴上,䰫,士絞,dzraewq
1710,初肴上,煼,初爪,tsrhaewq
1711,知肴上,䝤,張絞,traewq
1712,生肴上,㪢,山巧,sraewq
1713,匣豪上,晧,胡老,ghawq
1714,並豪上,抱,薄浩,bawq
1715,來豪上,老,盧晧,lawq
1716,透豪上,討,他浩,thawq
1717,定豪上,道,徒晧,dawq
1718,泥豪上,堖,奴晧,nawq
1719,心豪上,㛮,蘇老,sawq
1720,端豪上,倒,都晧,tawq
1721,清豪上,草,采老,tshawq
1722,精豪上,早,子晧,tsawq
1723,從豪上,皁,昨早,dzawq
1724,見豪上,暠,古老,kawq
1725,曉豪上,好,呼晧,hawq
1726,明豪上,蓩,武道,mawq
1727,幫豪上,寶,博抱,pawq
1728,影豪上,襖,烏晧,qawq
1729,溪豪上,考,苦浩,khawq
1730,疑豪上,𦽀,五老,ngawq
1731,見開一歌上,哿,古我,kaq
1732,清開一歌上,瑳,千可,tshaq
1733,端開一歌上,嚲,丁可,taq
1734,心開一歌上,縒,蘇可,saq
1735,定開一歌上,爹,徒可,daq
1736,疑開一歌上,我,五可,ngaq
1737,透開一歌上,袉,吐可,thaq
1738,來開一歌上,㰁,來可,laq
1739,泥開一歌上,橠,奴可,naq
1740,匣開一歌上,荷,胡可,ghaq
1741,曉開一歌上,㰤,虛我,haq
1742,溪開一歌上,可,枯我,khaq
1743,影開一歌上,𨵌,烏可,qaq
1744,精開一歌上,左,臧可,tsaq
1745,見合一歌上,果,古火,kwaq
1746,端合一歌上,埵,丁果,twaq
1747,心合一歌上,鎖,蘇果,swaq
1748,定合一歌上,墮,徒果,dwaq
1749,透合一歌上,妥,他果,thwaq
1750,明一歌上,麼,亡果,maq
1751,從合一歌上,坐,徂果,dzwaq
1752,疑合一歌上,㛂,五果,ngwaq
1753,來合一歌上,裸,郎果,lwaq
1754,影合一歌上,婐,烏果,qwaq
1755,泥合一歌上,㛂,奴果,nwaq
1756,幫一歌上,跛,布火,paq
1757,滂一歌上,叵,普火,phaq
1758,匣合一歌上,禍,胡果,ghwaq
1759,曉合一歌上,火,呼果,hwaq
1760,溪合一歌上,顆,苦果,khwaq
1761,並一歌上,爸,捕可,baq
1762,清合一歌上,脞,倉果,tshwaq
1763,清開一歌上,硰,作可,tshaq
1764,明二麻上,馬,莫下,maeq
1765,章開三麻上,者,章也,tjiaeq
1766,以開三麻上,野,羊者,jiaeq
1767,疑開二麻上,雅,五下,ngaeq
1768,見開二麻上,檟,古疋,kaeq
1769,生開二麻上,灑,砂下,sraeq
1770,影開二麻上,啞,烏下,qaeq
1771,邪開三麻上,灺,徐野,ziaeq
1772,匣開二麻上,下,胡雅,ghaeq
1773,心開三麻上,寫,悉姐,siaeq
1774,莊合二麻上,𡎬,𩛠瓦,tsrwaeq
1775,明三麻上,乜,彌也,miaeq
1776,清開三麻上,且,七也,tshiaeq
1777,曉開二麻上,㗿,許下,haeq
1778,常開三麻上,社,常者,djiaeq
1779,溪開二麻上,跒,苦下,khaeq
1780,並二麻上,跁,傍下,baeq
1781,書開三麻上,捨,書冶,sjiaeq
1782,精開三麻上,姐,兹野,tsiaeq
1783,幫二麻上,把,博下,paeq
1784,匣合二麻上,踝,胡瓦,ghwaeq
1785,見合二麻上,寡,古瓦,kwaeq
1786,疑合二麻上,瓦,五寡,ngwaeq
1787,日開三麻上,若,人者,njiaeq
1788,莊開二麻上,鮓,側下,tsraeq
1789,知開二麻上,觰,都賈,traeq
1790,崇開二麻上,槎,士下,dzraeq
1791,昌開三麻上,奲,昌者,tjhiaeq
1792,知開二麻上,䋾,竹下,traeq
1793,孃開二麻上,䋈,奴下,nraeq
1794,溪合二麻上,髁,苦瓦,khwaeq
1795,初合二麻上,䂳,叉瓦,tsrhwaeq
1796,徹合二麻上,䊬,丑寡,trhwaeq
1797,生合二麻上,葰,沙瓦,srwaeq
1798,徹開二麻上,奼,丑下,trhaeq
1799,來開二麻上,藞,盧下,laeq
1800,以開陽上,養,餘兩,jyangq
1801,邪開陽上,像,徐兩,zyangq
1802,精開陽上,㢡,即兩,tsyangq
1803,來開陽上,㒳,良㢡,lyangq
1804,影開陽上,鞅,於兩,qyangq
1805,羣開陽上,勥,其兩,gyangq
1806,疑開陽上,仰,魚兩,ngyangq
1807,初開陽上,磢,初兩,tsrhyangq
1808,心開陽上,想,息兩,syangq
1809,章開陽上,掌,諸兩,tjyangq
1810,生開陽上,𤕤,疎兩,sryangq
1811,曉開陽上,響,許兩,hyangq
1812,昌開陽上,敞,昌兩,tjhyangq
1813,見開陽上,繈,居兩,kyangq
1814,澄開陽上,丈,直兩,dryangq
1815,徹開陽上,昶,丑兩,trhyangq
1816,見合陽上,獷,居往,kuangq
1817,日開陽上,壤,如兩,njyangq
1818,書開陽上,賞,書兩,sjyangq
1819,滂陽上,髣,妃兩,phuangq
1820,明陽上,网,文兩,muangq
1821,幫陽上,昉,分网,puangq
1822,影合陽上,枉,紆往,quangq
1823,云合陽上,往,于兩,uangq
1824,曉合陽上,怳,許昉,huangq
1825,清開陽上,搶,七兩,tshyangq
1826,知開陽上,長,知丈,tryangq
1827,常開陽上,上,時掌,djyangq
1828,羣合陽上,俇,求往,guangq
1829,見合陽上,臩,俱往,kuangq
1830,並A陽上,𩦠,毗養,biangq
1831,初開陽上,䫪,初丈,tsrhyangq
1832,定開唐上,蕩,徒朗,dangq
1833,心開唐上,顙,蘇朗,sangq
1834,見合唐上,廣,古晃,kwangq
1835,幫唐上,榜,北朗,pangq
1836,精開唐上,駔,子朗,tsangq
1837,泥開唐上,曩,奴朗,nangq
1838,匣開唐上,沆,胡朗,ghangq
1839,透開唐上,曭,他朗,thangq
1840,明唐上,莽,模朗,mangq
1841,端開唐上,黨,多朗,tangq
1842,來開唐上,朗,盧黨,langq
1843,影開唐上,坱,烏朗,qangq
1844,溪開唐上,慷,苦朗,khangq
1845,影合唐上,㳹,烏晃,qwangq
1846,匣合唐上,晃,胡廣,ghwangq
1847,滂唐上,髈,匹朗,phangq
1848,曉合唐上,慌,呼晃,hwangq
1849,見開唐上,䴚,各朗,kangq
1850,疑開唐上,䭹,五朗,ngangq
1851,從開唐上,奘,徂朗,dzangq
1852,清開唐上,蒼,麁朗,tshangq
1853,曉開唐上,汻,呼朗,hangq
1854,溪合唐上,懬,丘晃,khwangq
1855,見開二庚上,梗,古杏,kaengq
1856,幫三庚上,丙,兵永,pyaengq
1857,見開三庚上,警,居影,kyaengq
1858,影開三庚上,影,於丙,qyaengq
1859,生開三庚上,省,所景,sryaengq
1860,云合三庚上,永,于憬,uaengq
1861,曉合三庚上,𦬺,許永,huaengq
1862,明三庚上,皿,武永,myaengq
1863,見合三庚上,憬,俱永,kuaengq
1864,匣開二庚上,杏,何梗,ghaengq
1865,明二庚上,猛,莫杏,maengq
1866,見合二庚上,礦,古猛,kwaengq
1867,幫二庚上,浜,布梗,paengq
1868,知開二庚上,盯,張梗,traengq
1869,澄開二庚上,瑒,徒杏,draengq
1870,影合二庚上,䁝,烏猛,qwaengq
1871,端開二庚上,打,德冷,taengq
1872,來開二庚上,冷,魯打,laengq
1873,匣合二庚上,卝,乎䁝,ghwaengq
1874,並二庚上,鮩,蒲猛,baengq
1875,溪合二庚上,𥉁,苦礦,khwaengq
1876,孃開二庚上,檸,拏梗,nraengq
1877,見開耕上,耿,古幸,keengq
1878,明耕上,䁅,武幸,meengq
1879,匣開耕上,幸,胡耿,gheengq
1880,並耕上,𠊧,蒲幸,beengq
1881,滂耕上,皏,普幸,pheengq
1882,從開清上,靜,疾郢,dziaengq
1883,章開清上,整,之郢,tjiaengq
1884,徹開清上,逞,丑郢,trhiaengq
1885,以開清上,郢,以整,jiaengq
1886,羣開清上,痙,巨郢,giaengq
1887,以合清上,潁,餘頃,jwiaengq
1888,來開清上,領,良郢,liaengq
1889,見開清上,頸,居郢,kiaengq
1890,幫清上,餅,必郢,piaengq
1891,溪合清上,頃,去潁,khwiaengq
1892,精開清上,井,子郢,tsiaengq
1893,影開清上,廮,於郢,qiaengq
1894,清開清上,請,七靜,tshiaengq
1895,心開清上,省,息井,siaengq
1896,明清上,眳,亡井,miaengq
1897,澄開清上,徎,丈井,driaengq
1898,匣合青上,迥,戶頂,ghwengq
1899,見合青上,熲,古迥,kwengq
1900,明青上,茗,莫迥,mengq
1901,端開青上,頂,都挺,tengq
1902,定開青上,挺,徒鼎,dengq
1903,透開青上,珽,他鼎,thengq
1904,從開青上,汫,徂醒,dzengq
1905,影合青上,濙,烏迥,qwengq
1906,溪開青上,謦,去挺,khengq
1907,泥開青上,𩕳,乃挺,nengq
1908,匣開青上,婞,胡頂,ghengq
1909,心開青上,醒,蘇挺,sengq
1910,幫青上,鞞,補鼎,pengq
1911,溪合青上,褧,口迥,khwengq
1912,見開青上,剄,古挺,kengq
1913,滂青上,頩,匹迥,phengq
1914,影開青上,巊,烟涬,qengq
1915,來開青上,笭,力鼎,lengq
1916,並青上,竝,蒲迥,bengq
1917,曉合青上,詗,火迥,hwengq
1918,疑開青上,䀴,五剄,ngengq
1919,章開蒸上,拯,,tjyngq
1920,徹開蒸上,庱,丑拯,trhyngq
1921,羣開蒸上,殑,其拯,gyngq
1922,生開蒸上,㱡,色庱,sryngq
1923,端開登上,等,多肯,teongq
1924,滂登上,倗,普等,pheongq
1925,溪開登上,肯,苦等,kheongq
1926,泥開登上,能,奴等,neongq
1927,云尤上,有,云久,uq
1928,來尤上,柳,力久,luq
1929,孃尤上,狃,女久,nruq
1930,徹尤上,丑,敕久,trhuq
1931,知尤上,肘,陟柳,truq
1932,曉尤上,朽,許久,huq
1933,見尤上,久,舉有,kuq
1934,書尤上,首,書九,sjuq
1935,昌尤上,醜,昌九,tjhuq
1936,從尤上,湫,在九,dzuq
1937,並尤上,婦,房久,buq
1938,幫尤上,缶,方久,puq
1939,溪尤上,糗,去久,khuq
1940,日尤上,蹂,人九,njuq
1941,羣尤上,舅,其九,guq
1942,澄尤上,紂,除柳,druq
1943,以尤上,酉,與久,juq
1944,常尤上,受,殖酉,djuq
1945,心尤上,滫,息有,suq
1946,影尤上,䬀,於柳,quq
1947,精尤上,酒,子酉,tsuq
1948,生尤上,溲,疎有,sruq
1949,章尤上,帚,之九,tjuq
1950,滂尤上,㤱,芳否,phuq
1951,莊尤上,掫,側九,tsruq
1952,崇尤上,𥣙,士九,dzruq
1953,初尤上,𩋄,初九,tsrhuq
1954,滂尤上,秠,芳婦,phuq
1955,匣侯上,厚,胡口,ghouq
1956,明侯上,母,莫厚,mouq
1957,並侯上,部,蒲口,bouq
1958,端侯上,斗,當口,touq
1959,透侯上,𪌘,天口,thouq
1960,見侯上,苟,古厚,kouq
1961,疑侯上,藕,五口,ngouq
1962,幫侯上,㨐,方垢,pouq
1963,泥侯上,㝅,乃后,nouq
1964,心侯上,叜,蘇后,souq
1965,曉侯上,吼,呼后,houq
1966,滂侯上,剖,普后,phouq
1967,影侯上,歐,烏后,qouq
1968,來侯上,塿,郎斗,louq
1969,精侯上,走,子苟,tsouq
1970,溪侯上,口,苦后,khouq
1971,定侯上,䕆,徒口,douq
1972,從侯上,鯫,仕垢,dzouq
1973,清侯上,趣,倉苟,tshouq
1974,影幽上,黝,於糾,qiwq
1975,見幽上,糾,居黝,kiwq
1976,羣幽上,蟉,渠黝,giwq
1977,清侵上,寑,七稔,tshimq
1978,澄侵上,朕,直稔,drimq
1979,溪B侵上,坅,丘甚,khyimq
1980,來侵上,廩,力稔,limq
1981,心侵上,罧,斯甚,simq
1982,徹侵上,踸,丑甚,trhimq
1983,精侵上,䤐,子朕,tsimq
1984,日侵上,荏,如甚,njimq
1985,章侵上,枕,章荏,tjimq
1986,書侵上,沈,式荏,sjimq
1987,船侵上,葚,食荏,zjimq
1988,常侵上,甚,常枕,djimq
1989,昌侵上,瀋,昌枕,tjhimq
1990,初侵上,墋,初朕,tsrhyimq
1991,孃侵上,拰,尼凜,nrimq
1992,羣B侵上,噤,渠飲,gyimq
1993,見B侵上,錦,居飲,kyimq
1994,從侵上,蕈,慈荏,dzimq
1995,疑B侵上,僸,牛錦,ngyimq
1996,生侵上,㾕,疎錦,sryimq
1997,幫B侵上,稟,筆錦,pyimq
1998,影B侵上,㱃,於錦,qyimq
1999,滂B侵上,品,丕飲,phyimq
2000,溪B侵上,𩖄,欽錦,khyimq
2001,曉B侵上,廞,許錦,hyimq
2002,知侵上,戡,張甚,trimq
2003,以侵上,潭,以荏,jimq
2004,崇侵上,𩒣,士㾕,dzryimq
2005,見覃上,感,古禫,komq
2006,定覃上,禫,徒感,domq
2007,影覃上,晻,烏感,qomq
2008,泥覃上,腩,奴感,nomq
2009,透覃上,襑,他感,thomq
2010,從覃上,歜,徂感,dzomq
2011,清覃上,慘,七感,tshomq
2012,疑覃上,顉,五感,ngomq
2013,精覃上,昝,子感,tsomq
2014,心覃上,糂,桑感,somq
2015,溪覃上,坎,苦感,khomq
2016,匣覃上,頷,胡感,ghomq
2017,來覃上,壈,盧感,lomq
2018,端覃上,黕,都感,tomq
2019,曉覃上,䫲,呼唵,homq
2020,見談上,敢,古覽,kamq
2021,(deleted),㶒,賞敢,(sjimq)
2022,來談上,覽,盧敢,lamq
2023,透談上,𦵹,吐敢,thamq
2024,端談上,膽,都敢,tamq
2025,定談上,噉,徒敢,damq
2026,清談上,黲,倉敢,tshamq
2027,明談上,㛧,謨敢,mamq
2028,精談上,䭕,子敢,tsamq
2029,從談上,槧,才敢,dzamq
2030,曉談上,喊,呼覽,hamq
2031,影談上,埯,烏敢,qamq
2032,溪談上,𠪚,口敢,khamq
2033,以鹽上,琰,以冉,jiemq
2034,來鹽上,斂,良冉,liemq
2035,曉B鹽上,險,虛檢,hyemq
2036,幫B鹽上,貶,方斂,pyemq
2037,章鹽上,颭,占琰,tjiemq
2038,溪B鹽上,𩑳,丘檢,khyemq
2039,疑B鹽上,顩,魚檢,ngyemq
2040,羣B鹽上,儉,巨險,gyemq
2041,見B鹽上,檢,居奄,kyemq
2042,影A鹽上,黶,於琰,qiemq
2043,日鹽上,冉,而琰,njiemq
2044,書鹽上,陝,失冉,sjiemq
2045,徹鹽上,諂,丑琰,trhiemq
2046,影B鹽上,奄,衣儉,qyemq
2047,從鹽上,漸,慈染,dziemq
2048,清鹽上,憸,七漸,tshiemq
2049,精鹽上,𩟗,子冉,tsiemq
2050,溪A鹽上,脥,謙琰,khiemq
2051,常鹽上,剡,時染,djiemq
2052,透添上,忝,他玷,themq
2053,泥添上,淰,乃玷,nemq
2054,端添上,點,多忝,temq
2055,定添上,簟,徒玷,demq
2056,溪添上,嗛,苦簟,khemq
2057,來添上,稴,力忝,lemq
2058,匣添上,鼸,胡忝,ghemq
2059,清添上,憯,青忝,tshemq
2060,見添上,孂,兼玷,kemq
2061,明添上,𡕢,明忝,memq
2062,疑嚴上,儼,魚埯,ngyomq
2063,溪嚴上,欦,丘广,khyomq
2064,影嚴上,埯,於广,qyomq
2065,匣咸上,豏,下斬,gheemq
2066,澄咸上,湛,徒減,dreemq
2067,溪咸上,㦿,苦減,kheemq
2068,見咸上,鹼,古斬,keemq
2069,崇咸上,瀺,士減,dzreemq
2070,來咸上,臉,力減,leemq
2071,莊咸上,斬,側減,tsreemq
2072,初咸上,䑎,初減,tsrheemq
2073,曉咸上,鬫,火斬,heemq
2074,生咸上,摻,所斬,sreemq
2075,影咸上,黯,乙減,qeemq
2076,曉咸上,喊,呼豏,heemq
2077,孃咸上,𦊔,女減,nreemq
2078,徹咸上,𠐩,丑減,trheemq
2079,匣銜上,檻,胡黤,ghaemq
2080,溪銜上,䫡,丘檻,khaemq
2081,生銜上,㨻,山檻,sraemq
2082,影銜上,黤,於檻,qaemq
2083,初銜上,醶,初檻,tsrhaemq
2084,曉銜上,㺖,荒檻,haemq
2085,崇銜上,巉,仕檻,dzraemq
2086,並凡上,范,防錽,buomq
2087,明凡上,錽,亡范,muomq
2088,幫凡上,𦜒,府犯,puomq
2089,溪嚴上,凵,丘犯,khyomq
2090,滂凡上,釩,峯犯,phuomq
2091,徹嚴上,𠑆,丑犯,trhyomq
2092,心一東去,送,蘇弄,soungh
2093,並三東去,鳳,馮貢,bungh
2094,見一東去,貢,古送,koungh
2095,來一東去,弄,盧貢,loungh
2096,端一東去,涷,多貢,toungh
2097,溪一東去,控,苦貢,khoungh
2098,精一東去,糉,作弄,tsoungh
2099,影一東去,瓮,烏貢,qoungh
2100,清一東去,謥,千弄,tshoungh
2101,定一東去,洞,徒弄,doungh
2102,透一東去,痛,他貢,thoungh
2103,澄三東去,仲,直眾,drungh
2104,幫三東去,諷,方鳳,pungh
2105,溪三東去,焪,去仲,khungh
2106,明三東去,㝱,莫鳳,mungh
2107,曉三東去,𧽒,香仲,hungh
2108,明一東去,𢄐,莫弄,moungh
2109,清三東去,趥,千仲,tshungh
2110,滂三東去,賵,撫鳳,phungh
2111,從一東去,𣀒,徂送,dzoungh
2112,知三東去,中,陟仲,trungh
2113,匣一東去,哄,胡貢,ghoungh
2114,泥一東去,齈,奴凍,noungh
2115,章三東去,眾,之仲,tjungh
2116,昌三東去,銃,充仲,tjhungh
2117,崇三東去,㓽,仕仲,dzrungh
2118,曉一東去,烘,呼貢,houngh
2119,心冬去,宋,蘇統,songh
2120,精冬去,綜,子宋,tsongh
2121,透冬去,統,他綜,thongh
2122,明冬去,雺,莫綜,mongh
2123,匣冬去,䃔,乎宋,ghongh
2124,以鍾去,用,余頌,juongh
2125,邪鍾去,頌,似用,zuongh
2126,並鍾去,俸,扶用,buongh
2127,羣鍾去,共,渠用,guongh
2128,幫鍾去,葑,方用,puongh
2129,見鍾去,供,居用,kuongh
2130,影鍾去,雍,於用,quongh
2131,知鍾去,湩,竹用,truongh
2132,精鍾去,縱,子用,tsuongh
2133,徹鍾去,蹱,丑用,trhuongh
2134,日鍾去,䩸,而用,njuongh
2135,章鍾去,種,之用,tjuongh
2136,澄鍾去,重,柱用,druongh
2137,來鍾去,贚,良用,luongh
2138,溪鍾去,恐,區用,khuongh
2139,從鍾去,從,疾用,dzuongh
2140,孃鍾去,𢫨,穠用,nruongh
2141,見江去,絳,古巷,koeungh
2142,匣江去,巷,胡絳,ghoeungh
2143,知江去,戇,陟降,troeungh
2144,澄江去,䡴,直絳,droeungh
2145,徹江去,𥈄,丑絳,trhoeungh
2146,崇江去,漴,士絳,dzroeungh
2147,滂江去,肨,匹絳,phoeungh
2148,初江去,䎫,楚絳,tsrhoeungh
2149,生江去,淙,色絳,sroeungh
2150,章開支去,寘,支義,tjieh
2151,並A支去,避,毗義,bieh
2152,章合支去,惴,之睡,tjwieh
2153,來開支去,詈,力智,lieh
2154,常開支去,豉,是義,djieh
2155,精開支去,積,子智,tsieh
2156,心開支去,賜,斯義,sieh
2157,云合支去,爲,于僞,ueh
2158,見合B支去,䞈,詭僞,kueh
2159,滂B支去,帔,披義,phyeh
2160,幫B支去,賁,彼義,pyeh
2161,並B支去,髲,平義,byeh
2162,來合支去,累,良僞,lwieh
2163,見開B支去,寄,居義,kyeh
2164,幫A支去,臂,卑義,pieh
2165,羣開B支去,芰,奇寄,gyeh
2166,清開支去,刺,七賜,tshieh
2167,以開支去,易,以豉,jieh
2168,疑開B支去,議,宜寄,ngyeh
2169,滂A支去,譬,匹賜,phieh
2170,從開支去,漬,疾智,dzieh
2171,知開支去,智,知義,trieh
2172,影開B支去,倚,於義,qyeh
2173,澄合支去,縋,馳僞,drwieh
2174,昌合支去,吹,尺僞,tjhwieh
2175,曉開B支去,戲,香義,hyeh
2176,溪開A支去,企,去智,khieh
2177,影開A支去,縊,於賜,qieh
2178,書開支去,翅,施智,sjieh
2179,生開支去,屣,所寄,sryeh
2180,溪合A支去,觖,窺瑞,khwieh
2181,影合B支去,餧,於僞,queh
2182,疑合B支去,僞,危睡,ngueh
2183,曉合B支去,毀,況僞,hueh
2184,影合A支去,恚,於避,qwieh
2185,常合支去,睡,是僞,djwieh
2186,見開A支去,馶,居企,kieh
2187,日合支去,䄲,而瑞,njwieh
2188,昌開支去,卶,充豉,tjhieh
2189,心合支去,䅗,思累,swieh
2190,知合支去,娷,竹恚,trwieh
2191,以合支去,瓗,以睡,jwieh
2192,孃合支去,諉,女恚,nrwieh
2193,見合A支去,瞡,規恚,kwieh
2194,莊開支去,𧙁,爭義,tsryeh
2195,曉合A支去,孈,呼恚,hwieh
2196,溪開B支去,㞆,卿義,khyeh
2197,章開脂去,至,脂利,tjih
2198,云合脂去,位,于愧,uih
2199,明B脂去,郿,明祕,myih
2200,邪合脂去,遂,徐醉,zwih
2201,精合脂去,醉,將遂,tswih
2202,心合脂去,邃,雖遂,swih
2203,來合脂去,類,力遂,lwih
2204,幫B脂去,祕,兵媚,pyih
2205,羣合B脂去,匱,求位,guih
2206,滂B脂去,濞,匹備,phyih
2207,並B脂去,備,平祕,byih
2208,見合B脂去,媿,俱位,kuih
2209,生合脂去,帥,所類,sruih
2210,溪合B脂去,喟,丘愧,khuih
2211,曉合B脂去,豷,許位,huih
2212,常開脂去,嗜,常利,djih
2213,來開脂去,利,力至,lih
2214,孃開脂去,膩,女利,nrih
2215,滂A脂去,屁,匹寐,phih
2216,疑開B脂去,劓,魚器,ngyih
2217,知開脂去,致,陟利,trih
2218,溪開A脂去,棄,詰利,khih
2219,澄開脂去,緻,直利,drih
2220,明A脂去,寐,彌二,mih
2221,徹開脂去,杘,丑利,trhih
2222,見開B脂去,冀,几利,kyih
2223,羣開B脂去,臮,具冀,gyih
2224,羣合A脂去,悸,其季,gwih
2225,清合脂去,翠,七醉,tshwih
2226,日開脂去,二,而至,njih
2227,精開脂去,恣,資四,tsih
2228,清開脂去,次,七四,tshih
2229,影開B脂去,懿,乙冀,qyih
2230,心開脂去,四,息利,sih
2231,溪開B脂去,器,去冀,khyih
2232,見合A脂去,季,居悸,kwih
2233,並A脂去,鼻,毗至,bih
2234,曉合A脂去,䁤,香季,hwih
2235,幫A脂去,痹,必至,pih
2236,從合脂去,萃,秦醉,dzwih
2237,定開脂去,地,徒四,dih
2238,曉開B脂去,齂,虛器,hyih
2239,以開脂去,肄,羊至,jih
2240,船開脂去,示,神至,zjih
2241,從開脂去,自,疾二,dzih
2242,澄合脂去,墜,直類,drwih
2243,昌合脂去,出,尺類,tjhwih
2244,以合脂去,遺,以醉,jwih
2245,曉合A脂去,侐,火季,hwih
2246,知合脂去,轛,追萃,trwih
2247,昌開脂去,痓,充自,tjhih
2248,書開脂去,屍,矢利,sjih
2249,初合脂去,㿷,楚愧,tsrhuih
2250,書合脂去,㽷,釋類,sjwih
2251,章之去,志,職吏,tjyh
2252,澄之去,值,直吏,dryh
2253,邪之去,寺,祥吏,zyh
2254,清之去,蛓,七吏,tshyh
2255,心之去,笥,相吏,syh
2256,書之去,試,式吏,sjyh
2257,莊之去,胾,側吏,tsryh
2258,來之去,吏,力置,lyh
2259,從之去,字,疾置,dzyh
2260,徹之去,眙,丑吏,trhyh
2261,日之去,餌,仍吏,njyh
2262,生之去,駛,疎吏,sryh
2263,初之去,廁,初吏,tsrhyh
2264,以之去,異,羊吏,jyh
2265,知之去,置,陟吏,tryh
2266,常之去,侍,時吏,djyh
2267,崇之去,事,鉏吏,dzryh
2268,羣之去,忌,渠記,gyh
2269,昌之去,熾,昌志,tjhyh
2270,影之去,意,於記,qyh
2271,見之去,記,居吏,kyh
2272,曉之去,憙,許記,hyh
2273,疑之去,䰯,魚記,ngyh
2274,溪之去,亟,去吏,khyh
2275,明微去,未,無沸,mujh
2276,見合微去,貴,居胃,kujh
2277,云合微去,胃,于貴,ujh
2278,疑合微去,魏,魚貴,ngujh
2279,幫微去,沸,方味,pujh
2280,滂微去,費,芳未,phujh
2281,溪合微去,𥽂,丘畏,khujh
2282,影合微去,尉,於胃,qujh
2283,曉合微去,諱,許貴,hujh
2284,並微去,𥝋,扶沸,bujh
2285,見開微去,既,居豙,kyjh
2286,疑開微去,毅,魚既,ngyjh
2287,溪開微去,氣,去既,khyjh
2288,曉開微去,欷,許既,hyjh
2289,羣開微去,䤒,其既,gyjh
2290,影開微去,衣,於既,qyjh
2291,疑魚去,御,牛倨,ngyoh
2292,來魚去,慮,良倨,lyoh
2293,見魚去,據,居御,kyoh
2294,清魚去,覰,七慮,tshyoh
2295,溪魚去,㰦,丘倨,khyoh
2296,常魚去,署,常恕,djyoh
2297,書魚去,恕,商署,sjyoh
2298,知魚去,著,陟慮,tryoh
2299,章魚去,䬡,章恕,tjyoh
2300,生魚去,疏,所去,sryoh
2301,影魚去,飫,依倨,qyoh
2302,澄魚去,箸,遟倨,dryoh
2303,羣魚去,遽,其據,gyoh
2304,心魚去,絮,息據,syoh
2305,崇魚去,助,牀據,dzryoh
2306,精魚去,怚,將預,tsyoh
2307,莊魚去,詛,莊助,tsryoh
2308,日魚去,洳,人恕,njyoh
2309,以魚去,豫,羊洳,jyoh
2310,曉魚去,噓,許御,hyoh
2311,孃魚去,女,尼據,nryoh
2312,初魚去,楚,瘡據,tsrhyoh
2313,昌魚去,處,昌據,tjhyoh
2314,徹魚去,絮,抽據,trhyoh
2315,邪魚去,𡱣,徐預,zyoh
2316,疑虞去,遇,牛具,nguoh
2317,影虞去,嫗,衣遇,quoh
2318,常虞去,樹,常句,djuoh
2319,澄虞去,住,持遇,druoh
2320,並虞去,附,符遇,buoh
2321,章虞去,注,之戍,tjuoh
2322,見虞去,屨,九遇,kuoh
2323,曉虞去,昫,香句,huoh
2324,書虞去,戍,傷遇,sjuoh
2325,以虞去,裕,羊戍,juoh
2326,日虞去,孺,而遇,njuoh
2327,滂虞去,赴,芳遇,phuoh
2328,明虞去,務,亡遇,muoh
2329,精虞去,緅,子句,tsuoh
2330,羣虞去,懼,其遇,guoh
2331,云虞去,芋,王遇,uoh
2332,從虞去,埾,才句,dzuoh
2333,生虞去,捒,色句,sruoh
2334,幫虞去,付,方遇,puoh
2335,清虞去,娶,七句,tshuoh
2336,知虞去,註,中句,truoh
2337,溪虞去,驅,區遇,khuoh
2338,初虞去,菆,芻注,tsrhuoh
2339,徹虞去,𨳳,丑注,trhuoh
2340,心虞去,尠,思句,suoh
2341,來虞去,屢,良遇,luoh
2342,明模去,暮,莫故,moh
2343,定模去,渡,徒故,doh
2344,來模去,路,洛故,loh
2345,端模去,妒,當故,toh
2346,透模去,菟,湯故,thoh
2347,見模去,顧,古暮,koh
2348,疑模去,誤,五故,ngoh
2349,匣模去,護,胡誤,ghoh
2350,心模去,訴,桑故,soh
2351,從模去,祚,昨誤,dzoh
2352,泥模去,笯,乃故,noh
2353,幫模去,布,博故,poh
2354,影模去,汙,烏路,qoh
2355,滂模去,怖,普故,phoh
2356,清模去,厝,倉故,tshoh
2357,溪模去,絝,苦故,khoh
2358,並模去,捕,薄故,boh
2359,曉模去,謼,荒故,hoh
2360,精模去,作,臧祚,tsoh
2361,精開齊去,霽,子計,tsejh
2362,端開齊去,帝,都計,tejh
2363,從開齊去,嚌,在詣,dzejh
2364,透開齊去,替,他計,thejh
2365,定開齊去,第,特計,dejh
2366,清開齊去,砌,七計,tshejh
2367,心開齊去,細,蘇計,sejh
2368,疑開齊去,詣,五計,ngejh
2369,見開齊去,計,古詣,kejh
2370,匣開齊去,蒵,胡計,ghejh
2371,溪開齊去,契,苦計,khejh
2372,影開齊去,翳,於計,qejh
2373,明齊去,謎,莫計,mejh
2374,幫齊去,閉,博計,pejh
2375,匣合齊去,慧,胡桂,ghwejh
2376,見合齊去,桂,古惠,kwejh
2377,曉合齊去,嘒,呼惠,hwejh
2378,滂齊去,媲,匹詣,phejh
2379,並齊去,薜,蒲計,bejh
2380,來開齊去,麗,郎計,lejh
2381,徹魚平,𥱻,丑居,trhyo
2382,泥開齊去,泥,奴計,nejh
2383,曉開齊去,㰥,呼計,hejh
2384,精開祭去,祭,子例,tsiejh
2385,心合祭去,歲,相銳,swiejh
2386,云合祭去,衛,于歲,uejh
2387,日合祭去,芮,而銳,njwiejh
2388,章合祭去,贅,之芮,tjwiejh
2389,生合祭去,𠻜,山芮,sruejh
2390,清合祭去,毳,此芮,tshwiejh
2391,以合祭去,銳,以芮,jwiejh
2392,知合祭去,綴,陟衛,trwiejh
2393,書合祭去,稅,舒芮,sjwiejh
2394,並A祭去,弊,毗祭,biejh
2395,初合祭去,㯔,楚稅,tsrhuejh
2396,邪合祭去,篲,祥歲,zwiejh
2397,幫A祭去,蔽,必袂,piejh
2398,見合B祭去,劌,居衛,kuejh
2399,明A祭去,袂,彌弊,miejh
2400,生開祭去,㡜,所例,sryejh
2401,昌開祭去,掣,尺制,tjhiejh
2402,章開祭去,制,征例,tjiejh
2403,常開祭去,逝,時制,djiejh
2404,以開祭去,曳,餘制,jiejh
2405,影開B祭去,䋵,於罽,qyejh
2406,疑開A祭去,藝,魚祭,ngiejh
2407,澄開祭去,滯,直例,driejh
2408,來開祭去,例,力制,liejh
2409,溪開B祭去,憩,去例,khyejh
2410,書開祭去,世,舒制,sjiejh
2411,見開B祭去,猘,居例,kyejh
2412,知開祭去,㿃,竹例,triejh
2413,羣開B祭去,偈,其憩,gyejh
2414,常合祭去,啜,嘗芮,djwiejh
2415,徹開祭去,跇,丑例,trhiejh
2416,澄合祭去,𨧨,除芮,drwiejh
2417,疑開B祭去,㓷,牛例,ngyejh
2418,精合祭去,蕝,子芮,tswiejh
2419,滂A祭去,潎,匹蔽,phiejh
2420,溪合廢去,𥏙,丘吠,khuojh
2421,曉合廢去,䂕,呼吠,huojh
2422,透開泰去,泰,他蓋,thajh
2423,見開泰去,蓋,古太,kajh
2424,疑開泰去,艾,五蓋,ngajh
2425,影開泰去,藹,於蓋,qajh
2426,泥開泰去,柰,奴帶,najh
2427,定開泰去,大,徒蓋,dajh
2428,匣開泰去,害,胡蓋,ghajh
2429,端開泰去,帶,當蓋,tajh
2430,幫泰去,貝,博蓋,pajh
2431,滂泰去,霈,普蓋,phajh
2432,匣合泰去,會,黃外,ghwajh
2433,定合泰去,兌,杜外,dwajh
2434,見合泰去,儈,古外,kwajh
2435,精合泰去,最,祖外,tswajh
2436,曉合泰去,𧬨,呼會,hwajh
2437,溪合泰去,𥢶,苦會,khwajh
2438,來合泰去,酹,郎外,lwajh
2439,疑合泰去,外,五會,ngwajh
2440,端合泰去,祋,丁外,twajh
2441,影合泰去,懀,烏外,qwajh
2442,從合泰去,蕞,才外,dzwajh
2443,心合泰去,𥕸,先外,swajh
2444,清合泰去,襊,麤最,tshwajh
2445,並泰去,旆,蒲蓋,bajh
2446,溪開泰去,磕,苦蓋,khajh
2447,清開泰去,蔡,倉大,tshajh
2448,來開泰去,賴,落蓋,lajh
2449,曉開泰去,餀,呼艾,hajh
2450,透合泰去,娧,他外,thwajh
2451,明泰去,眜,莫貝,majh
2452,清合泰去,𦦣,七外,tshwajh
2453,見合佳去,卦,古賣,kweeh
2454,見開佳去,懈,古隘,keeh
2455,影開佳去,隘,烏懈,qeeh
2456,匣開佳去,邂,胡懈,gheeh
2457,明佳去,賣,莫懈,meeh
2458,匣合佳去,畫,胡卦,ghweeh
2459,初開佳去,差,楚懈,tsrheeh
2460,疑開佳去,睚,五懈,ngeeh
2461,曉開佳去,謑,火懈,heeh
2462,幫佳去,𢈕,方卦,peeh
2463,並佳去,粺,傍卦,beeh
2464,崇開佳去,㾹,士懈,dzreeh
2465,滂佳去,派,匹卦,pheeh
2466,莊開佳去,債,側賣,tsreeh
2467,溪開佳去,𡢖,苦賣,kheeh
2468,生開佳去,曬,所賣,sreeh
2469,曉合佳去,諣,呼卦,hweeh
2470,幫佳去,㠔,方賣,peeh
2471,知開佳去,膪,竹賣,treeh
2472,見合皆去,怪,古壞,kweejh
2473,影開皆去,噫,烏界,qeejh
2474,莊開皆去,瘵,側界,tsreejh
2475,見開皆去,誡,古拜,keejh
2476,孃開皆去,褹,女介,nreejh
2477,曉開皆去,譮,許介,heejh
2478,匣開皆去,械,胡介,gheejh
2479,疑開皆去,𦗐,五介,ngeejh
2480,溪合皆去,蒯,苦怪,khweejh
2481,幫皆去,𢷎,博怪,peejh
2482,滂皆去,湃,普拜,pheejh
2483,匣合皆去,壞,胡怪,ghweejh
2484,疑合皆去,聵,五怪,ngweejh
2485,並皆去,𢞎,蒲拜,beejh
2486,明皆去,䀛,莫拜,meejh
2487,曉合皆去,𧱳,火怪,hweejh
2488,生開皆去,鎩,所拜,sreejh
2489,溪開皆去,烗,苦戒,kheejh
2490,知合皆去,顡,迍怪,trweejh
2491,見合夬去,夬,古邁,kwaejh
2492,溪合夬去,快,苦夬,khwaejh
2493,明夬去,邁,莫話,maejh
2494,匣合夬去,話,下快,ghwaejh
2495,並夬去,敗,薄邁,baejh
2496,影合夬去,䵳,烏快,qwaejh
2497,初合夬去,嘬,楚夬,tsrhwaejh
2498,見開夬去,犗,古喝,kaejh
2499,徹開夬去,蠆,丑犗,trhaejh
2500,影開夬去,喝,於犗,qaejh
2501,生開夬去,𠱡,所犗,sraejh
2502,澄開夬去,𦤧,除邁,draejh
2503,曉開夬去,䜕,火犗,haejh
2504,曉合夬去,咶,火夬,hwaejh
2505,幫夬去,敗,補邁,paejh
2506,初合夬去,啐,倉夬,tsrhwaejh
2507,崇開夬去,寨,豺夬,dzraejh
2508,匣開夬去,㕢,何犗,ghaejh
2509,定灰去,隊,徒對,dojh
2510,並灰去,佩,蒲昧,bojh
2511,明灰去,妹,莫佩,mojh
2512,滂灰去,配,滂佩,phojh
2513,曉灰去,誨,荒內,hojh
2514,端灰去,對,都隊,tojh
2515,清灰去,倅,七內,tshojh
2516,精灰去,晬,子對,tsojh
2517,影灰去,𩲄,烏繢,qojh
2518,透灰去,退,他內,thojh
2519,見灰去,憒,古對,kojh
2520,匣灰去,潰,胡對,ghojh
2521,溪灰去,塊,苦對,khojh
2522,心灰去,碎,蘇內,sojh
2523,泥灰去,內,奴對,nojh
2524,來灰去,纇,盧對,lojh
2525,幫灰去,背,補妹,pojh
2526,疑灰去,磑,五對,ngojh
2527,匣灰去,蚚,胡輩,ghojh
2528,定咍去,代,徒耐,deojh
2529,精咍去,載,作代,tseojh
2530,明灰去,䆀,莫代,mojh
2531,心咍去,賽,先代,seojh
2532,透咍去,貸,他代,theojh
2533,見咍去,溉,古代,keojh
2534,溪咍去,慨,苦愛,kheojh
2535,疑咍去,礙,五溉,ngeojh
2536,影咍去,愛,烏代,qeojh
2537,匣咍去,瀣,胡概,gheojh
2538,泥咍去,耐,奴代,neojh
2539,端咍去,戴,都代,teojh
2540,來咍去,賚,洛代,leojh
2541,清咍去,菜,倉代,tsheojh
2542,從咍去,載,昨代,dzeojh
2543,曉咍去,儗,海愛,heojh
2544,幫廢去,廢,方肺,puojh
2545,滂廢去,肺,芳廢,phuojh
2546,影合廢去,穢,於廢,quojh
2547,並廢去,吠,符廢,buojh
2548,曉合廢去,喙,許穢,huojh
2549,羣合廢去,𤜂,渠穢,guojh
2550,疑開廢去,刈,魚肺,ngyojh
2551,章開眞去,震,章刃,tjinh
2552,心開眞去,信,息晉,sinh
2553,日開眞去,刃,而振,njinh
2554,以開眞去,胤,羊晉,jinh
2555,來開眞去,遴,良刃,linh
2556,幫A眞去,儐,必刃,pinh
2557,澄開眞去,敶,直刃,drinh
2558,常開眞去,慎,時刃,djinh
2559,書開眞去,眒,試刃,sjinh
2560,溪開A眞去,菣,去刃,khinh
2561,從開眞去,賮,疾刃,dzinh
2562,疑開B眞去,憖,魚覲,ngyinh
2563,精開眞去,晉,即刃,tsinh
2564,曉開B眞去,衅,許覲,hyinh
2565,知開眞去,鎮,陟刃,trinh
2566,羣開B眞去,僅,渠遴,gyinh
2567,初開眞去,櫬,初覲,tsrhyinh
2568,影開A眞去,印,於刃,qinh
2569,徹開眞去,疢,丑刃,trhinh
2570,滂A眞去,𣎳,匹刃,phinh
2571,清開眞去,親,七遴,tshinh
2572,溪開A眞去,螼,羌印,khinh
2573,見合A眞去,呁,九峻,kwinh
2574,章合眞去,稕,之閏,tjwinh
2575,心合眞去,𡺲,私閏,swinh
2576,邪合眞去,殉,辭閏,zwinh
2577,精合眞去,儁,子峻,tswinh
2578,書合眞去,舜,舒閏,sjwinh
2579,日合眞去,閏,如順,njwinh
2580,船合眞去,順,食閏,zjwinh
2581,明文去,問,亡運,munh
2582,云文去,運,王問,unh
2583,曉文去,訓,許運,hunh
2584,滂文去,湓,匹問,phunh
2585,幫文去,糞,方問,punh
2586,影文去,醞,於問,qunh
2587,見文去,攈,居運,kunh
2588,羣文去,郡,渠運,gunh
2589,並文去,分,扶問,bunh
2590,曉欣去,焮,香靳,hynh
2591,見欣去,靳,居焮,kynh
2592,羣欣去,近,巨靳,gynh
2593,影欣去,㒚,於靳,qynh
2594,疑欣去,垽,吾靳,ngynh
2595,疑合元去,願,魚怨,nguonh
2596,影合元去,怨,於願,quonh
2597,幫元去,販,方願,puonh
2598,溪合元去,券,去願,khuonh
2599,明元去,万,無販,muonh
2600,並元去,飯,符万,buonh
2601,滂元去,嬎,芳万,phuonh
2602,見開元去,建,居万,kyonh
2603,影開元去,堰,於建,qyonh
2604,曉開元去,獻,許建,hyonh
2605,曉合元去,楥,虛願,huonh
2606,羣開元去,健,渠建,gyonh
2607,初合元去,𣀔,叉万,tsrhuonh
2608,云合元去,遠,于願,uonh
2609,疑開元去,𤬝,語堰,ngyonh
2610,羣合元去,圈,臼万,guonh
2611,見合元去,卛,居願,kuonh
2612,匣魂去,慁,胡困,ghonh
2613,端魂去,頓,都困,tonh
2614,心魂去,巽,蘇困,sonh
2615,溪魂去,困,苦悶,khonh
2616,泥魂去,嫩,奴困,nonh
2617,影魂去,搵,烏困,qonh
2618,明魂去,悶,莫困,monh
2619,從魂去,鐏,徂悶,dzonh
2620,見魂去,睔,古困,konh
2621,滂魂去,噴,普悶,phonh
2622,定魂去,鈍,徒困,donh
2623,清魂去,寸,倉困,tshonh
2624,並魂去,坌,蒲悶,bonh
2625,疑魂去,顐,五困,ngonh
2626,來魂去,論,盧困,lonh
2627,幫魂去,奔,甫悶,ponh
2628,曉魂去,惛,呼悶,honh
2629,精魂去,焌,子寸,tsonh
2630,匣痕去,恨,胡艮,gheonh
2631,見痕去,艮,古恨,keonh
2632,疑痕去,䭓,五恨,ngeonh
2633,影痕去,䭡,烏恨,qeonh
2634,匣開寒去,翰,侯旰,ghanh
2635,透開寒去,炭,他旦,thanh
2636,影開寒去,按,烏旰,qanh
2637,端開寒去,旦,得按,tanh
2638,定開寒去,憚,徒案,danh
2639,見開寒去,旰,古案,kanh
2640,疑開寒去,岸,五旰,nganh
2641,溪開寒去,侃,苦旰,khanh
2642,曉開寒去,漢,呼旰,hanh
2643,來開寒去,爛,郎旰,lanh
2644,泥開寒去,攤,奴案,nanh
2645,清開寒去,粲,蒼案,tshanh
2646,心開寒去,繖,蘇旰,sanh
2647,精開寒去,贊,則旰,tsanh
2648,從開寒去,㜺,徂贊,dzanh
2649,匣合寒去,換,胡玩,ghwanh
2650,精合寒去,䂎,子筭,tswanh
2651,影合寒去,惋,烏貫,qwanh
2652,見合寒去,貫,古玩,kwanh
2653,清合寒去,竄,七亂,tshwanh
2654,疑合寒去,玩,五換,ngwanh
2655,定合寒去,段,徒玩,dwanh
2656,來合寒去,亂,郎段,lwanh
2657,端合寒去,鍛,丁貫,twanh
2658,透合寒去,彖,通貫,thwanh
2659,曉合寒去,喚,火貫,hwanh
2660,心合寒去,筭,蘇貫,swanh
2661,明寒去,縵,莫半,manh
2662,幫寒去,半,博漫,panh
2663,滂寒去,判,普半,phanh
2664,並寒去,叛,薄半,banh
2665,泥合寒去,偄,奴亂,nwanh
2666,從合寒去,攢,在玩,dzwanh
2667,溪合寒去,䥗,口喚,khwanh
2668,見開刪去,諫,古晏,kaenh
2669,疑開刪去,鴈,五晏,ngaenh
2670,影開刪去,晏,烏澗,qaenh
2671,生開刪去,訕,所晏,sraenh
2672,匣開刪去,骭,下晏,ghaenh
2673,明刪去,慢,謨晏,maenh
2674,影合刪去,綰,烏患,qwaenh
2675,匣合刪去,患,胡慣,ghwaenh
2676,見合刪去,慣,古患,kwaenh
2677,生合刪去,㝈,生患,srwaenh
2678,初合刪去,篡,初患,tsrhwaenh
2679,疑合刪去,薍,五患,ngwaenh
2680,崇開刪去,輚,士諫,dzraenh
2681,滂刪去,襻,普患,phaenh
2682,孃合刪去,奻,女患,nrwaenh
2683,初開刪去,鏟,初鴈,tsrhaenh
2684,徹開刪去,㬄,丑晏,trhaenh
2685,見開山去,襇,古莧,keenh
2686,匣開山去,莧,侯襇,gheenh
2687,並山去,瓣,蒲莧,beenh
2688,滂山去,盼,匹莧,pheenh
2689,匣合山去,幻,胡辨,ghweenh
2690,明山去,蔄,亡莧,meenh
2691,澄開山去,袒,丈莧,dreenh
2692,幫山去,扮,晡幻,peenh
2693,見合山去,鰥,古幻,kweenh
2694,心開先去,霰,蘇佃,senh
2695,清開先去,蒨,倉甸,tshenh
2696,曉合先去,絢,許縣,hwenh
2697,匣合先去,縣,黃練,ghwenh
2698,見合先去,睊,古縣,kwenh
2699,定開先去,電,堂練,denh
2700,透開先去,瑱,他甸,thenh
2701,來開先去,練,郎甸,lenh
2702,見開先去,見,古電,kenh
2703,泥開先去,晛,奴甸,nenh
2704,溪開先去,俔,苦甸,khenh
2705,匣開先去,見,胡甸,ghenh
2706,疑開先去,硯,吾甸,ngenh
2707,影開先去,宴,於甸,qenh
2708,精開先去,薦,作甸,tsenh
2709,明先去,麪,莫甸,menh
2710,滂先去,片,普麵,phenh
2711,從開先去,荐,在甸,dzenh
2712,影合先去,䬼,烏縣,qwenh
2713,端開先去,殿,都甸,tenh
2714,曉開先去,𩎌,呼甸,henh
2715,心開仙去,線,私箭,sienh
2716,章開仙去,戰,之膳,tjienh
2717,常開仙去,繕,時戰,djienh
2718,疑開B仙去,彥,魚變,ngyenh
2719,溪開A仙去,譴,去戰,khienh
2720,見合A仙去,絹,吉掾,kwienh
2721,云合仙去,瑗,王眷,uenh
2722,明A仙去,面,彌箭,mienh
2723,昌合仙去,釧,尺絹,tjhwienh
2724,以合仙去,掾,以絹,jwienh
2725,知開仙去,𩥇,陟扇,trienh
2726,日合仙去,𤲬,人絹,njwienh
2727,精開仙去,箭,子賤,tsienh
2728,昌開仙去,硟,昌戰,tjhienh
2729,書開仙去,扇,式戰,sjienh
2730,影開A仙去,躽,於扇,qienh
2731,見合B仙去,眷,居倦,kuenh
2732,羣合B仙去,倦,渠卷,guenh
2733,來合仙去,戀,力卷,lwienh
2734,徹合仙去,猭,丑戀,trhwienh
2735,幫B仙去,變,彼眷,pyenh
2736,生合仙去,𨏉,所眷,sruenh
2737,清合仙去,縓,七絹,tshwienh
2738,並B仙去,卞,皮變,byenh
2739,邪合仙去,㳬,辝戀,zwienh
2740,心合仙去,選,息絹,swienh
2741,崇合仙去,䉵,士戀,dzruenh
2742,莊合仙去,孨,莊眷,tsruenh
2743,澄合仙去,傳,直戀,drwienh
2744,從開仙去,賤,才線,dzienh
2745,邪開仙去,羨,似面,zienh
2746,滂A仙去,騗,匹戰,phienh
2747,常合仙去,𢮨,時釧,djwienh
2748,孃開仙去,輾,女箭,nrienh
2749,知合仙去,囀,知戀,trwienh
2750,以開仙去,衍,予線,jienh
2751,並A仙去,便,婢面,bienh
2752,澄開仙去,邅,持碾,drienh
2753,來開仙去,𤹨,連彥,lienh
2754,溪合B仙去,䄐,區倦,khuenh
2755,章合仙去,剸,之囀,tjwienh
2756,幫先去,徧,方見,penh
2757,心蕭去,嘯,蘇弔,sewh
2758,透蕭去,糶,他弔,thewh
2759,端蕭去,弔,多嘯,tewh
2760,見蕭去,叫,古弔,kewh
2761,泥蕭去,尿,奴弔,newh
2762,定蕭去,藋,徒弔,dewh
2763,溪蕭去,竅,苦弔,khewh
2764,來蕭去,𩕐,力弔,lewh
2765,疑蕭去,顤,五弔,ngewh
2766,影蕭去,窔,烏叫,qewh
2767,曉蕭去,㱇,火弔,hewh
2768,心宵去,笑,私妙,siewh
2769,章宵去,照,之少,tjiewh
2770,以宵去,燿,弋照,jiewh
2771,影A宵去,要,於笑,qiewh
2772,澄宵去,召,直照,driewh
2773,常宵去,邵,寔照,djiewh
2774,羣B宵去,嶠,渠廟,gyewh
2775,滂A宵去,剽,匹妙,phiewh
2776,從宵去,噍,才笑,dziewh
2777,明A宵去,妙,彌笑,miewh
2778,清宵去,陗,七肖,tshiewh
2779,來宵去,尞,力照,liewh
2780,溪B宵去,趬,丘召,khyewh
2781,疑B宵去,𧇠,牛召,ngyewh
2782,精宵去,醮,子肖,tsiewh
2783,明B宵去,廟,眉召,myewh
2784,並A宵去,驃,毗召,biewh
2785,書宵去,少,失照,sjiewh
2786,徹宵去,脁,丑召,trhiewh
2787,幫B宵去,裱,方廟,pyewh
2788,羣A宵去,翹,巨要,giewh
2789,日宵去,饒,人要,njiewh
2790,匣肴去,效,胡教,ghaewh
2791,見肴去,教,古孝,kaewh
2792,曉肴去,孝,呼教,haewh
2793,知肴去,罩,都教,traewh
2794,幫肴去,豹,北教,paewh
2795,溪肴去,敲,苦教,khaewh
2796,明肴去,皃,莫教,maewh
2797,滂肴去,奅,匹皃,phaewh
2798,徹肴去,趠,丑教,trhaewh
2799,生肴去,稍,所教,sraewh
2800,澄肴去,棹,直教,draewh
2801,孃肴去,橈,奴教,nraewh
2802,莊肴去,抓,側教,tsraewh
2803,並肴去,靤,防教,baewh
2804,初肴去,抄,初教,tsrhaewh
2805,影肴去,靿,於教,qaewh
2806,疑肴去,樂,五教,ngaewh
2807,崇肴去,巢,士稍,dzraewh
2808,匣豪去,号,胡到,ghawh
2809,定豪去,導,徒到,dawh
2810,端豪去,到,都導,tawh
2811,見豪去,誥,古到,kawh
2812,疑豪去,傲,五到,ngawh
2813,明豪去,冃,莫報,mawh
2814,來豪去,嫪,郎到,lawh
2815,清豪去,操,七到,tshawh
2816,並豪去,暴,薄報,bawh
2817,幫豪去,報,博秏,pawh
2818,從豪去,漕,在到,dzawh
2819,影豪去,奧,烏到,qawh
2820,心豪去,喿,蘇到,sawh
2821,溪豪去,𩝝,苦到,khawh
2822,精豪去,竈,則到,tsawh
2823,曉豪去,秏,呼到,hawh
2824,泥豪去,腝,那到,nawh
2825,見開一歌去,箇,古賀,kah
2826,匣開一歌去,賀,胡箇,ghah
2827,精開一歌去,佐,則箇,tsah
2828,端開一歌去,跢,丁佐,tah
2829,來開一歌去,邏,郎佐,lah
2830,溪開一歌去,坷,口箇,khah
2831,疑開一歌去,餓,五个,ngah
2832,定開一歌去,馱,唐佐,dah
2833,泥開一歌去,奈,奴箇,nah
2834,心開一歌去,些,蘇箇,sah
2835,曉開一歌去,呵,呼箇,hah
2836,透開一歌去,拖,吐邏,thah
2837,見合一歌去,過,古臥,kwah
2838,匣合一歌去,和,胡臥,ghwah
2839,精合一歌去,挫,則臥,tswah
2840,溪合一歌去,課,苦臥,khwah
2841,透合一歌去,唾,湯臥,thwah
2842,幫一歌去,播,補過,pah
2843,清合一歌去,剉,麤臥,tshwah
2844,明一歌去,磨,摸臥,mah
2845,泥合一歌去,愞,乃臥,nwah
2846,滂一歌去,破,普過,phah
2847,從合一歌去,座,徂臥,dzwah
2848,疑合一歌去,臥,吾貨,ngwah
2849,清開一歌去,諎,千過,tshah
2850,曉合一歌去,貨,呼臥,hwah
2851,定合一歌去,惰,徒臥,dwah
2852,並三歌去,縛,符臥,buah
2853,來合一歌去,䇔,魯過,lwah
2854,端合一歌去,𣑫,都唾,twah
2855,清開一歌去,磋,七過,tshah
2856,心合一歌去,䐝,先臥,swah
2857,影開一歌去,侉,安賀,qah
2858,影合一歌去,涴,烏臥,qwah
2859,明二麻去,禡,莫駕,maeh
2860,見開二麻去,駕,古訝,kaeh
2861,影開二麻去,亞,衣嫁,qaeh
2862,曉開二麻去,嚇,呼訝,haeh
2863,疑開二麻去,迓,吾駕,ngaeh
2864,徹開二麻去,詫,丑亞,trhaeh
2865,知開二麻去,吒,陟駕,traeh
2866,莊開二麻去,詐,側駕,tsraeh
2867,崇開二麻去,乍,鋤駕,dzraeh
2868,邪開三麻去,謝,辝夜,ziaeh
2869,溪開二麻去,髂,枯駕,khaeh
2870,匣開二麻去,暇,胡駕,ghaeh
2871,從開三麻去,褯,慈夜,dziaeh
2872,以開三麻去,夜,羊謝,jiaeh
2873,昌開三麻去,䞣,充夜,tjhiaeh
2874,心開三麻去,蝑,司夜,siaeh
2875,章開三麻去,柘,之夜,tjiaeh
2876,精開三麻去,唶,子夜,tsiaeh
2877,書開三麻去,舍,始夜,sjiaeh
2878,船開三麻去,射,神夜,zjiaeh
2879,幫二麻去,霸,必駕,paeh
2880,滂二麻去,帊,普駕,phaeh
2881,匣合二麻去,摦,胡化,ghwaeh
2882,曉合二麻去,化,呼霸,hwaeh
2883,溪合二麻去,跨,苦化,khwaeh
2884,生合二麻去,誜,所化,srwaeh
2885,並二麻去,𤝡,白駕,baeh
2886,孃開二麻去,䏧,乃亞,nraeh
2887,清開三麻去,笡,遷謝,tshiaeh
2888,生開二麻去,嗄,所嫁,sraeh
2889,見合二麻去,坬,古罵,kwaeh
2890,澄開二麻去,䖳,除駕,draeh
2891,疑合二麻去,瓦,五化,ngwaeh
2892,影合二麻去,攨,烏㕦,qwaeh
2893,以開陽去,漾,餘亮,jyangh
2894,來開陽去,亮,力讓,lyangh
2895,崇開陽去,狀,鋤亮,dzryangh
2896,日開陽去,讓,人㨾,njyangh
2897,書開陽去,餉,式亮,sjyangh
2898,知開陽去,帳,知亮,tryangh
2899,徹開陽去,悵,丑亮,trhyangh
2900,曉開陽去,向,許亮,hyangh
2901,澄開陽去,仗,直亮,dryangh
2902,孃開陽去,釀,女亮,nryangh
2903,從開陽去,匠,疾亮,dzyangh
2904,章開陽去,障,之亮,tjyangh
2905,常開陽去,尚,時亮,djyangh
2906,莊開陽去,壯,側亮,tsryangh
2907,影開陽去,怏,於亮,qyangh
2908,羣開陽去,弶,其亮,gyangh
2909,昌開陽去,唱,尺亮,tjhyangh
2910,初開陽去,刱,初亮,tsrhyangh
2911,精開陽去,醬,子亮,tsyangh
2912,疑開陽去,𨋕,魚向,ngyangh
2913,滂陽去,訪,敷亮,phuangh
2914,明陽去,妄,巫放,muangh
2915,曉合陽去,況,許訪,huangh
2916,見合陽去,誑,居況,kuangh
2917,云合陽去,迋,于放,uangh
2918,幫陽去,放,甫妄,puangh
2919,心開陽去,相,息亮,syangh
2920,見開陽去,殭,居亮,kyangh
2921,溪開陽去,唴,丘亮,khyangh
2922,清開陽去,蹡,七亮,tshyangh
2923,羣合陽去,狂,渠放,guangh
2924,並陽去,防,符況,buangh
2925,定開唐去,宕,徒浪,dangh
2926,來開唐去,浪,來宕,langh
2927,匣開唐去,吭,下浪,ghangh
2928,影開唐去,盎,烏浪,qangh
2929,疑開唐去,枊,五浪,ngangh
2930,精開唐去,葬,則浪,tsangh
2931,並唐去,傍,蒲浪,bangh
2932,從開唐去,藏,徂浪,dzangh
2933,端開唐去,譡,丁浪,tangh
2934,溪開唐去,抗,苦浪,khangh
2935,幫唐去,螃,補曠,pangh
2936,透開唐去,儻,他浪,thangh
2937,溪合唐去,曠,苦謗,khwangh
2938,泥開唐去,儾,奴浪,nangh
2939,心開唐去,喪,蘇浪,sangh
2940,匣合唐去,攩,乎曠,ghwangh
2941,見合唐去,桄,古曠,kwangh
2942,見開唐去,鋼,古浪,kangh
2943,曉合唐去,荒,呼浪,hwangh
2944,明唐去,漭,莫浪,mangh
2945,影合唐去,汪,烏浪,qwangh
2946,影開三庚去,映,於敬,qyaengh
2947,見開三庚去,敬,居慶,kyaengh
2948,羣開三庚去,競,渠敬,gyaengh
2949,溪開三庚去,慶,丘敬,khyaengh
2950,見開二庚去,更,古孟,kaengh
2951,明三庚去,命,眉病,myaengh
2952,並三庚去,病,皮命,byaengh
2953,明二庚去,孟,莫更,maengh
2954,匣合二庚去,蝗,戶孟,ghwaengh
2955,幫三庚去,柄,陂病,pyaengh
2956,云合三庚去,詠,爲命,uaengh
2957,匣開二庚去,行,下更,ghaengh
2958,影開二庚去,瀴,於孟,qaengh
2959,初開三庚去,㵾,楚敬,tsrhyaengh
2960,知開二庚去,倀,猪孟,traengh
2961,徹開二庚去,牚,他孟,trhaengh
2962,幫二庚去,榜,北孟,paengh
2963,澄開二庚去,鋥,除更,draengh
2964,生開三庚去,生,所敬,sryaengh
2965,疑開三庚去,迎,魚敬,ngyaengh
2966,並二庚去,膨,蒲孟,baengh
2967,曉開二庚去,䛭,許更,haengh
2968,影合二庚去,𥥈,烏橫,qwaengh
2969,莊開耕去,諍,側迸,tsreengh
2970,幫耕去,迸,北諍,peengh
2971,並耕去,𠊧,蒲迸,beengh
2972,影開耕去,䙬,鷖迸,qeengh
2973,疑開耕去,鞕,五爭,ngeengh
2974,曉合耕去,轟,呼迸,hweengh
2975,見開清去,勁,居正,kiaengh
2976,清開清去,倩,七政,tshiaengh
2977,章開清去,政,之盛,tjiaengh
2978,書開清去,聖,式正,sjiaengh
2979,澄開清去,鄭,直正,driaengh
2980,徹開清去,遉,丑鄭,trhiaengh
2981,心開清去,性,息正,siaengh
2982,來開清去,令,力政,liaengh
2983,滂清去,聘,匹正,phiaengh
2984,曉合清去,敻,休正,hwiaengh
2985,幫清去,摒,畀政,piaengh
2986,並清去,偋,防正,biaengh
2987,從開清去,淨,疾政,dziaengh
2988,常開清去,盛,承正,djiaengh
2989,明清去,詺,彌正,miaengh
2990,溪開清去,輕,墟正,khiaengh
2991,曉開清去,𣢝,許令,hiaengh
2992,精開清去,精,子姓,tsiaengh
2993,見開青去,徑,古定,kengh
2994,泥開青去,甯,乃定,nengh
2995,心開青去,腥,蘇佞,sengh
2996,匣開青去,脛,胡定,ghengh
2997,定開青去,定,徒徑,dengh
2998,端開青去,矴,丁定,tengh
2999,溪開青去,罄,苦定,khengh
3000,透開青去,聽,他定,thengh
3001,清開青去,靘,千定,tshengh
3002,明青去,䒌,莫定,mengh
3003,影合青去,鎣,烏定,qwengh
3004,來開青去,零,郎定,lengh
3005,章開蒸去,證,諸應,tjyngh
3006,以開蒸去,孕,以證,jyngh
3007,船開蒸去,乘,實證,zjyngh
3008,日開蒸去,認,而證,njyngh
3009,影開蒸去,應,於證,qyngh
3010,精開蒸去,甑,子孕,tsyngh
3011,曉開蒸去,興,許應,hyngh
3012,書開蒸去,勝,詩證,sjyngh
3013,澄開蒸去,瞪,丈證,dryngh
3014,來開蒸去,𩜁,里甑,lyngh
3015,並蒸去,凭,皮證,byingh
3016,昌開蒸去,稱,昌孕,tjhyngh
3017,疑開蒸去,凝,牛𩜁,ngyngh
3018,常開蒸去,丞,常證,djyngh
3019,徹開蒸去,覴,丑證,trhyngh
3020,羣開蒸去,殑,其𩜁,gyngh
3021,端開登去,嶝,都鄧,teongh
3022,從開登去,贈,昨亙,dzeongh
3023,見開登去,亙,古鄧,keongh
3024,清開登去,蹭,千鄧,tsheongh
3025,定開登去,鄧,徒亙,deongh
3026,明登去,懵,武亙,meongh
3027,幫登去,𥦜,方隥,peongh
3028,並登去,倗,父鄧,beongh
3029,來開登去,踜,魯鄧,leongh
3030,精開登去,增,子鄧,tseongh
3031,心開登去,𡬙,思贈,seongh
3032,透開登去,𤃶,台鄧,theongh
3033,云尤去,宥,于救,uh
3034,見尤去,救,居祐,kuh
3035,澄尤去,胄,直祐,druh
3036,知尤去,晝,陟救,truh
3037,書尤去,狩,舒救,sjuh
3038,昌尤去,臭,尺救,tjhuh
3039,邪尤去,岫,似祐,zuh
3040,曉尤去,齅,許救,huh
3041,章尤去,呪,職救,tjuh
3042,羣尤去,舊,巨救,guh
3043,生尤去,𤸃,所祐,sruh
3044,莊尤去,皺,側救,tsruh
3045,滂尤去,副,敷救,phuh
3046,初尤去,簉,初救,tsrhuh
3047,幫尤去,富,方副,puh
3048,徹尤去,畜,丑救,trhuh
3049,來尤去,溜,力救,luh
3050,心尤去,秀,息救,suh
3051,精尤去,僦,即就,tsuh
3052,崇尤去,驟,鋤祐,dzruh
3053,從尤去,就,疾僦,dzuh
3054,孃尤去,糅,女救,nruh
3055,並尤去,復,扶富,buh
3056,以尤去,狖,余救,juh
3057,常尤去,授,承呪,djuh
3058,日尤去,輮,人又,njuh
3059,明尤去,莓,亡救,muh
3060,疑尤去,鼼,牛救,nguh
3061,溪尤去,𪖛,丘救,khuh
3062,清尤去,䞭,七溜,tshuh
3063,匣侯去,候,胡遘,ghouh
3064,溪侯去,寇,苦候,khouh
3065,明侯去,茂,莫候,mouh
3066,滂侯去,仆,匹候,phouh
3067,定侯去,豆,徒候,douh
3068,端侯去,鬥,都豆,touh
3069,泥侯去,槈,奴豆,nouh
3070,心侯去,瘶,蘇奏,souh
3071,精侯去,奏,則候,tsouh
3072,透侯去,透,他候,thouh
3073,影侯去,漚,烏候,qouh
3074,見侯去,遘,古候,kouh
3075,清侯去,輳,倉奏,tshouh
3076,來侯去,陋,盧候,louh
3077,曉侯去,蔻,呼漏,houh
3078,並侯去,䏽,蒲候,bouh
3079,疑侯去,偶,五遘,ngouh
3080,從侯去,㔌,才奏,dzouh
3081,影幽去,幼,伊謬,qiwh
3082,明幽去,謬,靡幼,myiwh
3083,溪幽去,䠗,丘謬,khiwh
3084,羣幽去,𧾻,巨幼,giwh
3085,清侵去,沁,七鴆,tshimh
3086,精侵去,浸,子鴆,tsimh
3087,日侵去,妊,汝鴆,njimh
3088,澄侵去,鴆,直禁,drimh
3089,章侵去,枕,之任,tjimh
3090,羣B侵去,𦧈,巨禁,gyimh
3091,見B侵去,禁,居蔭,kyimh
3092,孃侵去,賃,乃禁,nrimh
3093,影B侵去,蔭,於禁,qyimh
3094,生侵去,滲,所禁,sryimh
3095,徹侵去,闖,丑禁,trhimh
3096,莊侵去,譖,莊蔭,tsryimh
3097,初侵去,讖,楚譖,tsrhyimh
3098,疑B侵去,吟,宜禁,ngyimh
3099,知侵去,揕,知鴆,trimh
3100,來侵去,臨,良鴆,limh
3101,常侵去,甚,時鴆,djimh
3102,云侵去,䫴,于禁,yimh
3103,書侵去,深,式禁,sjimh
3104,溪覃去,勘,苦紺,khomh
3105,見覃去,紺,古暗,komh
3106,匣覃去,憾,胡紺,ghomh
3107,影覃去,暗,烏紺,qomh
3108,透覃去,僋,他紺,thomh
3109,心覃去,俕,蘇紺,somh
3110,清覃去,謲,七紺,tshomh
3111,定覃去,醰,徒紺,domh
3112,疑覃去,儑,五紺,ngomh
3113,端覃去,馾,丁紺,tomh
3114,泥覃去,妠,奴紺,nomh
3115,來覃去,顲,郎紺,lomh
3116,曉覃去,䫲,呼紺,homh
3117,精覃去,篸,作紺,tsomh
3118,溪談去,闞,苦濫,khamh
3119,來談去,濫,盧𣊟,lamh
3120,透談去,賧,吐濫,thamh
3121,見談去,𪉦,古蹔,kamh
3122,曉談去,𧵊,呼濫,hamh
3123,匣談去,憨,下瞰,ghamh
3124,定談去,憺,徒濫,damh
3125,從談去,暫,藏濫,dzamh
3126,端談去,擔,都濫,tamh
3127,心談去,三,蘇暫,samh
3128,以鹽去,豔,以贍,jiemh
3129,常鹽去,贍,時豔,djiemh
3130,日鹽去,染,而豔,njiemh
3131,影A鹽去,厭,於豔,qiemh
3132,幫B鹽去,窆,方驗,pyemh
3133,疑B鹽去,驗,魚窆,ngyemh
3134,書鹽去,閃,舒贍,sjiemh
3135,精鹽去,𡄑,子豔,tsiemh
3136,清鹽去,壍,七豔,tshiemh
3137,來鹽去,殮,力驗,liemh
3138,徹鹽去,覘,丑豔,trhiemh
3139,昌鹽去,䠨,昌豔,tjhiemh
3140,影B鹽去,𢜰,於驗,qyemh
3141,從鹽去,潛,慈豔,dziemh
3142,章鹽去,占,章豔,tjiemh
3143,透添去,㮇,他念,themh
3144,泥添去,念,奴店,nemh
3145,端添去,店,都念,temh
3146,心添去,䃸,先念,semh
3147,定添去,磹,徒念,demh
3148,見添去,趝,紀念,kemh
3149,影添去,酓,於念,qemh
3150,精添去,僭,子念,tsemh
3151,從添去,䁮,漸念,dzemh
3152,見添去,兼,古念,kemh
3153,溪添去,傔,苦念,khemh
3154,來添去,稴,力店,lemh
3155,疑嚴去,釅,魚欠,ngyomh
3156,曉嚴去,脅,許欠,hyomh
3157,溪嚴去,㪁,丘釅,khyomh
3158,明凡去,𦲯,亡劒,muomh
3159,匣咸去,陷,戶韽,gheemh
3160,影咸去,韽,於陷,qeemh
3161,莊咸去,蘸,莊陷,tsreemh
3162,知咸去,𪉜,陟陷,treemh
3163,溪咸去,歉,口陷,kheemh
3164,澄咸去,𧸖,佇陷,dreemh
3165,崇咸去,儳,仕陷,dzreemh
3166,見咸去,𪉦,公陷,keemh
3167,孃咸去,諵,尼𧸖,nreemh
3168,疑咸去,顑,玉陷,ngeemh
3169,見銜去,鑑,格懺,kaemh
3170,初銜去,懺,楚鑒,tsrhaemh
3171,莊銜去,覱,子鑑,tsraemh
3172,生銜去,釤,所鑑,sraemh
3173,曉銜去,㒈,許鑑,haemh
3174,並銜去,埿,蒲鑑,baemh
3175,匣銜去,㽉,胡懺,ghaemh
3176,崇銜去,鑱,士懺,dzraemh
3177,影銜去,𪒠,,qaemh
3178,並凡去,梵,扶泛,buomh
3179,滂凡去,汎,孚梵,phuomh
3180,見嚴去,劒,居欠,kyomh
3181,溪嚴去,欠,去劒,khyomh
3182,影嚴去,俺,於劒,qyomh
3183,影一東入,屋,烏谷,qouk
3184,定一東入,獨,徒谷,douk
3185,見一東入,穀,古祿,kouk
3186,匣一東入,縠,胡谷,ghouk
3187,溪一東入,哭,空谷,khouk
3188,透一東入,禿,他谷,thouk
3189,端一東入,豰,丁木,touk
3190,心一東入,速,桑谷,souk
3191,來一東入,祿,盧谷,louk
3192,曉一東入,嗀,呼木,houk
3193,從一東入,族,昨木,dzouk
3194,清一東入,瘯,千木,tshouk
3195,精一東入,鏃,作木,tsouk
3196,並一東入,暴,蒲木,bouk
3197,滂一東入,扑,普木,phouk
3198,幫一東入,卜,博木,pouk
3199,明一東入,木,莫卜,mouk
3200,幫三東入,福,方六,puk
3201,並三東入,伏,房六,buk
3202,生三東入,縮,所六,sruk
3203,來三東入,六,力竹,luk
3204,澄三東入,逐,直六,druk
3205,見三東入,菊,居六,kuk
3206,溪三東入,麴,驅匊,khuk
3207,常三東入,熟,殊六,djuk
3208,昌三東入,俶,昌六,tjhuk
3209,以三東入,育,余六,juk
3210,羣三東入,驧,渠竹,guk
3211,清三東入,鼀,七宿,tshuk
3212,日三東入,肉,如六,njuk
3213,章三東入,粥,之六,tjuk
3214,書三東入,叔,式竹,sjuk
3215,曉三東入,蓄,許竹,huk
3216,知三東入,竹,張六,truk
3217,精三東入,蹙,子六,tsuk
3218,初三東入,珿,初六,tsrhuk
3219,孃三東入,朒,女六,nruk
3220,莊三東入,縬,側六,tsruk
3221,滂三東入,蝮,芳福,phuk
3222,影三東入,郁,於六,quk
3223,心三東入,肅,息逐,suk
3224,明三東入,目,莫六,muk
3225,云三東入,囿,于六,uk
3226,徹三東入,蓄,丑六,trhuk
3227,疑三東入,砡,魚菊,nguk
3228,從三東入,𣤶,才六,dzuk
3229,影冬入,沃,烏酷,qok
3230,定冬入,毒,徒沃,dok
3231,端冬入,篤,冬毒,tok
3232,溪冬入,酷,苦沃,khok
3233,匣冬入,鵠,胡沃,ghok
3234,並冬入,僕,蒲沃,bok
3235,心冬入,洬,先篤,sok
3236,見冬入,梏,古沃,kok
3237,明冬入,瑁,莫沃,mok
3238,曉冬入,熇,火酷,hok
3239,泥冬入,褥,內沃,nok
3240,精冬入,傶,將毒,tsok
3241,幫冬入,襮,博沃,pok
3242,來冬入,濼,盧毒,lok
3243,疑冬入,𤛹,五沃,ngok
3244,章鍾入,燭,之欲,tjuok
3245,疑鍾入,玉,魚欲,nguok
3246,曉鍾入,旭,許玉,huok
3247,見鍾入,輂,居玉,kuok
3248,羣鍾入,局,渠玉,guok
3249,常鍾入,蜀,市玉,djuok
3250,昌鍾入,觸,尺玉,tjhuok
3251,日鍾入,辱,而蜀,njuok
3252,書鍾入,束,書玉,sjuok
3253,以鍾入,欲,余蜀,juok
3254,澄鍾入,躅,直錄,druok
3255,來鍾入,錄,力玉,luok
3256,溪鍾入,曲,丘玉,khuok
3257,知鍾入,瘃,陟玉,truok
3258,精鍾入,足,即玉,tsuok
3259,船鍾入,贖,神蜀,zjuok
3260,並鍾入,幞,房玉,buok
3261,清鍾入,促,七玉,tshuok
3262,邪鍾入,續,似足,zuok
3263,心鍾入,粟,相玉,suok
3264,幫鍾入,䪁,封曲,puok
3265,徹鍾入,梀,丑玉,trhuok
3266,見江入,覺,古岳,koeuk
3267,疑江入,嶽,五角,ngoeuk
3268,崇江入,浞,士角,dzroeuk
3269,莊江入,捉,側角,tsroeuk
3270,生江入,朔,所角,sroeuk
3271,知江入,斲,竹角,troeuk
3272,幫江入,剝,北角,poeuk
3273,明江入,邈,莫角,moeuk
3274,並江入,雹,蒲角,boeuk
3275,滂江入,璞,匹角,phoeuk
3276,溪江入,㱿,苦角,khoeuk
3277,澄江入,濁,直角,droeuk
3278,影江入,渥,於角,qoeuk
3279,孃江入,搦,女角,nroeuk
3280,徹江入,逴,敕角,trhoeuk
3281,來江入,犖,呂角,loeuk
3282,匣江入,學,胡覺,ghoeuk
3283,曉江入,㕰,許角,hoeuk
3284,初江入,娖,測角,tsrhoeuk
3285,章開眞入,質,之日,tjit
3286,日開眞入,日,人質,njit
3287,船開眞入,實,神質,zjit
3288,澄開眞入,秩,直一,drit
3289,心開眞入,悉,息七,sit
3290,影開A眞入,一,於悉,qit
3291,清開眞入,七,親吉,tshit
3292,滂A眞入,匹,譬吉,phit
3293,見開A眞入,吉,居質,kit
3294,孃開眞入,暱,尼質,nrit
3295,以開眞入,逸,夷質,jit
3296,溪開A眞入,詰,去吉,khit
3297,曉開A眞入,欯,許吉,hit
3298,徹開眞入,抶,丑栗,trhit
3299,來開眞入,栗,力質,lit
3300,知開眞入,窒,陟栗,trit
3301,從開眞入,疾,秦悉,dzit
3302,初開眞入,㓼,初栗,tsrhyit
3303,書開眞入,失,式質,sjit
3304,精開眞入,堲,資悉,tsit
3305,明A眞入,蜜,彌畢,mit
3306,幫A眞入,必,卑吉,pit
3307,羣開B眞入,姞,巨乙,gyit
3308,並A眞入,邲,毗必,bit
3309,云合眞入,䫻,于筆,uit
3310,生合眞入,率,所律,sruit
3311,昌開眞入,叱,昌栗,tjhit
3312,崇開眞入,𪗨,仕叱,dzryit
3313,明B眞入,密,美筆,myit
3314,並B眞入,弼,房密,byit
3315,影開B眞入,乙,於筆,qyit
3316,疑開B眞入,耴,魚乙,ngyit
3317,幫B眞入,筆,鄙密,pyit
3318,知合眞入,茁,徵筆,trwit
3319,曉開B眞入,肸,羲乙,hyit
3320,見開B眞入,暨,居乙,kyit
3321,知開眞入,蛭,丁悉,trit
3322,曉合A眞入,獝,況必,hwit
3323,船合眞入,術,食聿,zjwit
3324,見合A眞入,橘,居聿,kwit
3325,從合眞入,崒,慈卹,dzwit
3326,以合眞入,聿,餘律,jwit
3327,精合眞入,卒,子聿,tswit
3328,心合眞入,卹,辛聿,swit
3329,來合眞入,律,呂卹,lwit
3330,徹合眞入,黜,丑律,trhwit
3331,知合眞入,㤕,竹律,trwit
3332,澄合眞入,朮,直律,drwit
3333,昌合眞入,出,赤律,tjhwit
3334,清合眞入,焌,倉聿,tshwit
3335,莊合眞入,𠭴,側律,tsruit
3336,曉合A眞入,䎀,許聿,hwit
3337,莊臻入,櫛,阻瑟,tsryit
3338,生臻入,瑟,所櫛,sryit
3339,崇臻入,𪗨,崱瑟,dzryit
3340,明文入,物,文弗,mut
3341,幫文入,弗,分勿,put
3342,影文入,鬱,紆物,qut
3343,見文入,𠀔,九勿,kut
3344,溪文入,屈,區勿,khut
3345,羣文入,倔,衢物,gut
3346,並文入,佛,符弗,but
3347,曉文入,䬍,許勿,hut
3348,云文入,䬑,王勿,ut
3349,滂文入,拂,敷勿,phut
3350,疑文入,崛,魚勿,ngut
3351,曉欣入,迄,許訖,hyt
3352,見欣入,訖,居乞,kyt
3353,疑欣入,疙,魚迄,ngyt
3354,羣欣入,䞘,其迄,gyt
3355,溪欣入,乞,去訖,khyt
3356,疑合元入,月,魚厥,nguot
3357,並元入,伐,房越,buot
3358,云合元入,越,王伐,uot
3359,見合元入,厥,居月,kuot
3360,影合元入,𡡕,於月,quot
3361,羣合元入,𧤼,其月,guot
3362,溪合元入,闕,去月,khuot
3363,幫元入,髮,方伐,puot
3364,明元入,韤,望發,muot
3365,曉合元入,䬂,許月,huot
3366,影開元入,謁,於歇,qyot
3367,曉開元入,歇,許竭,hyot
3368,見開元入,訐,居竭,kyot
3369,羣開元入,𢷒,其謁,gyot
3370,滂元入,㤄,拂伐,phuot
3371,疑開元入,钀,語訐,ngyot
3372,明魂入,沒,莫勃,mot
3373,(deleted),𣅝,土骨,(thot/mot)
3374,見魂入,骨,古忽,kot
3375,並魂入,勃,蒲沒,bot
3376,端魂入,咄,當沒,tot
3377,透魂入,突,他骨,thot
3378,定魂入,突,陀骨,dot
3379,影魂入,𩑦,烏沒,qot
3380,曉魂入,忽,呼骨,hot
3381,疑魂入,兀,五忽,ngot
3382,滂魂入,䪬,普沒,phot
3383,來魂入,𠀽,勒沒,lot
3384,溪魂入,窟,苦骨,khot
3385,泥魂入,訥,內骨,not
3386,心魂入,窣,蘇骨,sot
3387,清魂入,猝,倉沒,tshot
3388,從魂入,捽,昨沒,dzot
3389,匣痕入,麧,下沒,gheot
3390,匣魂入,搰,戶骨,ghot
3391,精魂入,卒,臧沒,tsot
3392,匣開寒入,曷,胡葛,ghat
3393,曉開寒入,䫘,許葛,hat
3394,端開寒入,怛,當割,tat
3395,透開寒入,闥,他達,that
3396,影開寒入,遏,烏葛,qat
3397,來開寒入,剌,盧達,lat
3398,溪開寒入,渴,苦曷,khat
3399,定開寒入,達,唐割,dat
3400,從開寒入,嶻,才割,dzat
3401,疑開寒入,嶭,五割,ngat
3402,見開寒入,葛,古達,kat
3403,心開寒入,躠,桑割,sat
3404,清開寒入,攃,七曷,tshat
3405,泥開寒入,捺,奴曷,nat
3406,匣開寒入,䔾,予割,ghat
3407,明寒入,末,莫撥,mat
3408,疑合寒入,枂,五活,ngwat
3409,從合寒入,柮,藏活,dzwat
3410,幫寒入,撥,北末,pat
3411,精開寒入,䰖,姊末,tsat
3412,見合寒入,括,古活,kwat
3413,溪合寒入,闊,苦栝,khwat
3414,匣合寒入,活,戶括,ghwat
3415,定合寒入,奪,徒活,dwat
3416,曉合寒入,豁,呼括,hwat
3417,影合寒入,斡,烏括,qwat
3418,精合寒入,繓,子括,tswat
3419,滂寒入,鏺,普活,phat
3420,透合寒入,侻,他括,thwat
3421,來合寒入,捋,郎括,lwat
3422,端合寒入,掇,丁括,twat
3423,清合寒入,撮,倉括,tshwat
3424,並寒入,跋,蒲撥,bat
3425,匣開山入,黠,胡八,gheet
3426,莊開山入,札,側八,tsreet
3427,並山入,拔,蒲八,beet
3428,溪開山入,𤫶,恪八,kheet
3429,匣合山入,滑,戶八,ghweet
3430,幫山入,八,博拔,peet
3431,知合山入,窡,丁滑,trweet
3432,影合山入,婠,烏八,qweet
3433,孃合山入,豽,女滑,nrweet
3434,初開山入,䶪,初八,tsrheet
3435,見合山入,劀,古滑,kweet
3436,見開山入,戛,古黠,keet
3437,影開山入,軋,烏黠,qeet
3438,生開山入,殺,所八,sreet
3439,明山入,㑻,莫八,meet
3440,曉合山入,傄,呼八,hweet
3441,孃開山入,痆,女黠,nreet
3442,疑合山入,𦤙,五滑,ngweet
3443,溪合山入,䯇,口滑,khweet
3444,滂山入,汃,普八,pheet
3445,莊合山入,茁,鄒滑,tsrweet
3446,匣開刪入,鎋,胡瞎,ghaet
3447,影開刪入,𪆰,乙鎋,qaet
3448,疑開刪入,齾,五鎋,ngaet
3449,初開刪入,刹,初鎋,tsrhaet
3450,溪開刪入,𥴭,枯鎋,khaet
3451,曉開刪入,瞎,許鎋,haet
3452,徹開刪入,獺,他鎋,trhaet
3453,見合刪入,刮,古䫄,kwaet
3454,匣合刪入,頢,下刮,ghwaet
3455,徹合刪入,䫄,丑刮,trhwaet
3456,知合刪入,鵽,丁刮,trwaet
3457,生合刪入,刷,數刮,srwaet
3458,疑合刪入,刖,五刮,ngwaet
3459,初合刪入,䵵,初刮,tsrhwaet
3460,明刪入,礣,莫鎋,maet
3461,孃合刪入,妠,女刮,nrwaet
3462,幫刪入,捌,百鎋,paet
3463,見開刪入,𪈟,古鎋,kaet
3464,崇開刪入,𨰉,查鎋,dzraet
3465,知開刪入,哳,陟鎋,traet
3466,孃開刪入,𩭿,而轄,nraet
3467,心開先入,屑,先結,set
3468,清開先入,切,千結,tshet
3469,見開先入,結,古屑,ket
3470,精開先入,節,子結,tset
3471,曉合先入,血,呼決,hwet
3472,溪合先入,闋,苦穴,khwet
3473,見合先入,玦,古穴,kwet
3474,匣合先入,穴,胡決,ghwet
3475,影合先入,抉,於決,qwet
3476,定開先入,姪,徒結,det
3477,透開先入,鐵,他結,thet
3478,匣開先入,纈,胡結,ghet
3479,泥開先入,涅,奴結,net
3480,從開先入,截,昨結,dzet
3481,疑開先入,齧,五結,nget
3482,明先入,蔑,莫結,met
3483,幫先入,㢼,方結,pet
3484,影開先入,噎,烏結,qet
3485,溪開先入,猰,苦結,khet
3486,曉開先入,㚛,虎結,het
3487,滂先入,撆,普蔑,phet
3488,並先入,蹩,蒲結,bet
3489,端開先入,窒,丁結,tet
3490,來開先入,𥸸,練結,let
3491,心開仙入,薛,私列,siet
3492,來開仙入,列,良辥,liet
3493,知開仙入,哲,陟列,triet
3494,羣開B仙入,傑,渠列,gyet
3495,日開仙入,熱,如列,njiet
3496,章開仙入,晢,旨熱,tjiet
3497,船開仙入,舌,食列,zjiet
3498,常開仙入,折,常列,djiet
3499,疑開B仙入,孼,魚列,ngyet
3500,明A仙入,滅,亡列,miet
3501,溪開B仙入,朅,丘竭,khyet
3502,幫A仙入,鷩,并列,piet
3503,從合仙入,絕,情雪,dzwiet
3504,精合仙入,蕝,子悅,tswiet
3505,心合仙入,雪,相絕,swiet
3506,徹合仙入,𤿫,丑悅,trhwiet
3507,以合仙入,悅,弋雪,jwiet
3508,溪合A仙入,缺,傾雪,khwiet
3509,影合B仙入,噦,乙劣,quet
3510,日合仙入,爇,如劣,njwiet
3511,書合仙入,說,失爇,sjwiet
3512,章合仙入,拙,職悅,tjwiet
3513,昌合仙入,歠,昌悅,tjhwiet
3514,知合仙入,輟,陟劣,trwiet
3515,來合仙入,劣,力輟,lwiet
3516,滂A仙入,瞥,芳滅,phiet
3517,並B仙入,別,皮列,byet
3518,澄開仙入,轍,直列,driet
3519,幫B仙入,䇷,方別,pyet
3520,生合仙入,㕞,所劣,sruet
3521,見開A仙入/見開B仙入,孑/䅥,居列,kiet/kyet
3522,書開仙入,設,識列,sjiet
3523,孃合仙入,吶,女劣,nrwiet
3524,曉合A仙入,𥄎,許劣,hwiet
3525,影合A仙入,妜,於悅,qwiet
3526,見合B仙入,蹶,紀劣,kuet
3527,莊合仙入,茁,側劣,tsruet
3528,清合仙入,膬,七絕,tshwiet
3529,精開仙入,𧕾,姊列,tsiet
3530,生開仙入,榝,山列,sryet
3531,影開B仙入,焆,於列,qyet
3532,徹開仙入,屮,丑列,trhiet
3533,曉開B仙入,娎,許列,hyet
3534,常合仙入,啜,殊雪,djwiet
3535,初合仙入,㔍,廁別,tsrhuet
3536,邪合仙入,㿱,寺絕,zwiet
3537,昌開仙入,掣,昌列,tjhiet
3538,以開仙入,抴,羊列,jiet
3539,崇開仙入,𨵊,士列,dzryet
3540,以開陽入,藥,以灼,jyak
3541,來開陽入,略,離灼,lyak
3542,見開陽入,腳,居勺,kyak
3543,章開陽入,灼,之若,tjyak
3544,書開陽入,爍,書藥,sjyak
3545,日開陽入,若,而灼,njyak
3546,昌開陽入,綽,昌約,tjhyak
3547,影開陽入,約,於略,qyak
3548,溪開陽入,卻,去約,khyak
3549,疑開陽入,虐,魚約,ngyak
3550,常開陽入,妁,市若,djyak
3551,徹開陽入,㲋,丑略,trhyak
3552,心開陽入,削,息約,syak
3553,莊開陽入,斮,側略,tsryak
3554,精開陽入,爵,即略,tsyak
3555,從開陽入,皭,在爵,dzyak
3556,清開陽入,鵲,七雀,tshyak
3557,羣開陽入,噱,其虐,gyak
3558,影合陽入,嬳,憂縛,quak
3559,並陽入,縛,符钁,buak
3560,曉合陽入,䂄,許縛,huak
3561,云合陽入,籰,王縛,uak
3562,見合陽入,玃,居縛,kuak
3563,知開陽入,芍,張略,tryak
3564,澄開陽入,著,直略,dryak
3565,溪合陽入,躩,丘縛,khuak
3566,羣合陽入,戄,具籰,guak
3567,孃開陽入,逽,女略,nryak
3568,滂陽入,𩅿,孚縛,phuak
3569,曉開陽入,謔,虛約,hyak
3570,定開唐入,鐸,徒落,dak
3571,明唐入,莫,慕各,mak
3572,來開唐入,落,盧各,lak
3573,透開唐入,託,他各,thak
3574,精開唐入,作,則落,tsak
3575,清開唐入,錯,倉各,tshak
3576,見開唐入,各,古落,kak
3577,溪開唐入,恪,苦各,khak
3578,疑開唐入,咢,五各,ngak
3579,滂唐入,𩔈,匹各,phak
3580,影開唐入,惡,烏各,qak
3581,並唐入,泊,傍各,bak
3582,曉開唐入,𦞦,呵各,hak
3583,心開唐入,索,蘇各,sak
3584,匣開唐入,涸,下各,ghak
3585,從開唐入,昨,在各,dzak
3586,幫唐入,博,補各,pak
3587,泥開唐入,諾,奴各,nak
3588,曉合唐入,霍,虛郭,hwak
3589,見合唐入,郭,古博,kwak
3590,影合唐入,雘,烏郭,qwak
3591,匣合唐入,穫,胡郭,ghwak
3592,溪合唐入,廓,苦郭,khwak
3593,疑合唐入,瓁,五郭,ngwak
3594,來合唐入,硦,盧穫,lwak
3595,精合唐入,㘀,祖郭,tswak
3596,明二庚入,陌,莫白,maek
3597,知開二庚入,磔,陟格,traek
3598,並二庚入,白,傍陌,baek
3599,幫二庚入,伯,博陌,paek
3600,羣開三庚入,劇,奇逆,gyaek
3601,見開三庚入,戟,几劇,kyaek
3602,生開三庚入,𡩡,山戟,sryaek
3603,初開三庚入,柵,測戟,tsrhyaek
3604,匣合二庚入,嚄,胡伯,ghwaek
3605,莊開二庚入,嘖,側伯,tsraek
3606,崇開二庚入,齚,鋤陌,dzraek
3607,溪開三庚入,隙,綺戟,khyaek
3608,疑開二庚入,額,五陌,ngaek
3609,疑開三庚入,逆,宜戟,ngyaek
3610,溪開二庚入,客,苦格,khaek
3611,影開二庚入,啞,烏格,qaek
3612,曉開三庚入,虩,許郤,hyaek
3613,徹開二庚入,坼,丑格,trhaek
3614,影合二庚入,䪝,乙白,qwaek
3615,滂二庚入,拍,普伯,phaek
3616,曉開二庚入,赫,呼格,haek
3617,匣開二庚入,垎,胡格,ghaek
3618,見開二庚入,格,古伯,kaek
3619,曉合二庚入,謋,虎伯,hwaek
3620,澄開二庚入,宅,場伯,draek
3621,見合二庚入,虢,古伯,kwaek
3622,影合二庚入,擭,一虢,qwaek
3623,孃開二庚入,蹃,女白,nraek
3624,溪合二庚入,𧍕,丘擭,khwaek
3625,並三庚入,欂,弼戟,byaek
3626,明耕入,麥,莫獲,meek
3627,匣合耕入,獲,胡麥,ghweek
3628,見合耕入,蟈,古獲,kweek
3629,幫耕入,檗,博厄,peek
3630,並耕入,䌟,蒲革,beek
3631,崇開耕入,賾,士革,dzreek
3632,莊開耕入,責,側革,tsreek
3633,崇合耕入,䞰,查獲,dzrweek
3634,初開耕入,策,楚革,tsrheek
3635,溪開耕入,礊,楷革,kheek
3636,曉合耕入,剨,呼麥,hweek
3637,匣開耕入,覈,下革,gheek
3638,見開耕入,隔,古核,keek
3639,知開耕入,摘,陟革,treek
3640,影開耕入,戹,於革,qeek
3641,生開耕入,栜,山責,sreek
3642,滂耕入,𢶉,普麥,pheek
3643,疑開耕入,虉,五革,ngeek
3644,來開耕入,礐,力摘,leek
3645,匣合耕入,㩇,于馘,ghweek
3646,生合耕入,𢷾,砂獲,srweek
3647,羣合三庚入,𧾛,求獲,guaek
3648,孃開耕入,疒,尼戹,nreek
3649,心開清入,昔,思積,siaek
3650,精開清入,積,資昔,tsiaek
3651,影開清入,益,伊昔,qiaek
3652,以開清入,繹,羊益,jiaek
3653,書開清入,釋,施隻,sjiaek
3654,昌開清入,尺,昌石,tjhiaek
3655,常開清入,石,常隻,djiaek
3656,章開清入,隻,之石,tjiaek
3657,澄開清入,擲,直炙,driaek
3658,清開清入,皵,七迹,tshiaek
3659,邪開清入,席,祥易,ziaek
3660,從開清入,籍,秦昔,dziaek
3661,並清入,擗,房益,biaek
3662,以合清入,役,營隻,jwiaek
3663,曉合清入,瞁,許役,hwiaek
3664,幫清入,辟,必益,piaek
3665,滂清入,僻,芳辟,phiaek
3666,船開清入,麝,食亦,zjiaek
3667,幫三庚入,碧,彼役,pyaek
3668,知開清入,𪐏,竹益,triaek
3669,徹開清入,彳,丑亦,trhiaek
3670,章合清入,𦳮,之役,tjwiaek
3671,清合清入,𥄎,火役,tshwiaek
3672,心開青入,錫,先擊,sek
3673,見開青入,激,古歷,kek
3674,滂青入,霹,普擊,phek
3675,來開青入,靂,郎擊,lek
3676,端開青入,的,都歷,tek
3677,匣開青入,檄,胡狄,ghek
3678,疑開青入,鷁,五歷,ngek
3679,定開青入,荻,徒歷,dek
3680,透開青入,逖,他歷,thek
3681,精開青入,績,則歷,tsek
3682,溪開青入,燩,苦擊,khek
3683,泥開青入,惄,奴歷,nek
3684,從開青入,寂,前歷,dzek
3685,明青入,覓,莫狄,mek
3686,並青入,甓,扶歷,bek
3687,幫青入,壁,北激,pek
3688,溪合青入,闃,苦鶪,khwek
3689,見合青入,郹,古闃,kwek
3690,清開青入,戚,倉歷,tshek
3691,曉開青入,赥,許激,hek
3692,曉合青入,𥍟,呼狊,hwek
3693,透開青入,𣤩,丑歷,thek
3694,章開蒸入,職,之翼,tjyk
3695,澄開蒸入,直,除力,dryk
3696,來開蒸入,力,林直,lyk
3697,徹開蒸入,敕,恥力,trhyk
3698,知開蒸入,陟,竹力,tryk
3699,船開蒸入,食,乘力,zjyk
3700,心開蒸入,息,相即,syk
3701,常開蒸入,寔,常職,djyk
3702,書開蒸入,識,賞職,sjyk
3703,曉開蒸入,赩,許極,hyk
3704,崇開蒸入,崱,士力,dzryk
3705,羣開蒸入,極,渠力,gyk
3706,孃開蒸入,匿,女力,nryk
3707,初開蒸入,測,初力,tsrhyk
3708,影開蒸入/影開B蒸入,憶/抑,於力,qyk/qyik
3709,生開蒸入,色,所力,sryk
3710,溪開蒸入,䩯,丘力,khyk
3711,見開蒸入,殛,紀力,kyk
3712,以開蒸入,弋,與職,jyk
3713,精開蒸入,即,子力,tsyk
3714,幫蒸入,逼,彼側,pyik
3715,云合蒸入,域,雨逼,uik
3716,曉合蒸入,洫,況逼,huik
3717,滂蒸入,堛,芳逼,phyik
3718,莊開蒸入,稄,阻力,tsryk
3719,並蒸入,愎,符逼,byik
3720,疑開蒸入,嶷,魚力,ngyk
3721,從開蒸入,堲,秦力,dzyk
3722,知開蒸入,𡮞,丁力,tryk
3723,明蒸入,䁇,亡逼,myik
3724,昌開蒸入,瀷,昌力,tjhyk
3725,端開登入,德,多則,teok
3726,精開登入,則,子德,tseok
3727,來開登入,勒,盧則,leok
3728,透開登入,忒,他德,theok
3729,溪開登入,刻,苦得,kheok
3730,定開登入,特,徒得,deok
3731,曉開登入,黑,呼北,heok
3732,明登入,墨,莫北,meok
3733,從開登入,賊,昨則,dzeok
3734,心開登入,塞,蘇則,seok
3735,幫登入,北,博墨,peok
3736,並登入,菔,蒲北,beok
3737,匣合登入,或,胡國,ghweok
3738,見合登入,國,古或,kweok
3739,影開登入,餩,愛黑,qeok
3740,匣開登入,劾,胡得,gheok
3741,泥開登入,䘅,奴勒,neok
3742,見開登入,裓,古得,keok
3743,清開登入,墄,七則,tsheok
3744,滂登入,覆,匹北,pheok
3745,曉合登入,𢃤,呼或,hweok
3746,清侵入,緝,七入,tship
3747,常侵入,十,是執,djip
3748,章侵入,執,之入,tjip
3749,邪侵入,習,似入,zip
3750,從侵入,集,秦入,dzip
3751,日侵入,入,人執,njip
3752,影A侵入,揖,伊入,qip
3753,書侵入,溼,失入,sjip
3754,精侵入,㗱,子入,tsip
3755,羣B侵入,及,其立,gyip
3756,澄侵入,蟄,直立,drip
3757,知侵入,縶,陟立,trip
3758,來侵入,立,力入,lip
3759,見B侵入,急,居立,kyip
3760,疑B侵入,岌,魚及,ngyip
3761,溪B侵入,泣,去急,khyip
3762,心侵入,𩎕,先立,sip
3763,生侵入,歰,色立,sryip
3764,曉B侵入,吸,許及,hyip
3765,莊侵入,戢,阻立,tsryip
3766,影B侵入,邑,於汲,qyip
3767,徹侵入,湁,丑入,trhip
3768,云侵入,煜,爲立,yip
3769,以侵入,熠,羊入,jip
3770,孃侵入,孨,尼立,nrip
3771,崇侵入,霵,仕戢,dzryip
3772,並B侵入,𪀐,皮及,byip
3773,幫B侵入,鵖,彼及,pyip
3774,初侵入,㞚,初戢,tsrhyip
3775,昌侵入,卙,昌汁,tjhip
3776,匣覃入,合,侯閤,ghop
3777,見覃入,閤,古沓,kop
3778,端覃入,答,都合,top
3779,心覃入,趿,蘇合,sop
3780,定覃入,沓,徒合,dop
3781,透覃入,錔,他合,thop
3782,從覃入,雜,徂合,dzop
3783,精覃入,帀,子荅,tsop
3784,來覃入,拉,盧合,lop
3785,泥覃入,納,奴荅,nop
3786,溪覃入,溘,口荅,khop
3787,影覃入,姶,烏合,qop
3788,曉覃入,欱,呼合,hop
3789,疑覃入,𣊡,五合,ngop
3790,清覃入,䟃,七合,tshop
3791,清覃入,遪,七合,tshop
3792,影覃入,唈,烏荅,qop
3793,匣談入,盍,胡臘,ghap
3794,來談入,臘,盧盍,lap
3795,端談入,㿴,都榼,tap
3796,透談入,榻,吐盍,thap
3797,曉談入,𣣹,呼盍,hap
3798,泥談入,魶,奴盍,nap
3799,定談入,蹋,徒盍,dap
3800,心談入,𠎷,私盍,sap
3801,疑談入,儑,五盍,ngap
3802,從談入,䪞,才盍,dzap
3803,見談入,䫦,古盍,kap
3804,溪談入,榼,苦盍,khap
3805,影談入,鰪,安盍,qap
3806,清談入,囃,倉雜,tshap
3807,見談入,砝,居盍,kap
3808,章鹽入,譫,章盍,tjiep
3809,以鹽入,葉,與涉,jiep
3810,精鹽入,接,即葉,tsiep
3811,書鹽入,攝,書涉,sjiep
3812,常鹽入,涉,時攝,djiep
3813,來鹽入,獵,良涉,liep
3814,從鹽入,捷,疾葉,dziep
3815,澄鹽入,䐑,直葉,driep
3816,影B鹽入,㪑,於輒,qyep
3817,孃鹽入,聶,尼輒,nriep
3818,昌鹽入,謵,叱涉,tjhiep
3819,日鹽入,讘,而涉,njiep
3820,章鹽入,讋,之涉,tjiep
3821,清鹽入,妾,七接,tshiep
3822,徹鹽入,鍤,丑輒,trhiep
3823,羣B鹽入,衱,其輒,gyep
3824,知鹽入,輒,陟葉,triep
3825,云鹽入,曄,筠輒,yep
3826,溪B鹽入,𤷾,去涉,khyep
3827,生鹽入,萐,山輒,sryep
3828,見B鹽入,𦀖,居輒,kyep
3829,影A鹽入,魘,於葉,qiep
3830,透添入,怗,他協,thep
3831,匣添入,協,胡頰,ghep
3832,見添入,頰,古協,kep
3833,溪添入,愜,苦協,khep
3834,定添入,牒,徒協,dep
3835,泥添入,苶,奴協,nep
3836,心添入,燮,蘇協,sep
3837,來添入,㼲,盧協,lep
3838,端添入,聑,丁愜,tep
3839,從添入,䕹,在協,dzep
3840,精添入,浹,子協,tsep
3841,曉添入,弽,呼牒,hep
3842,心添入,䢡,先頰,sep
3843,匣咸入,洽,侯夾,gheep
3844,溪咸入,恰,苦洽,kheep
3845,崇咸入,箑,士洽,dzreep
3846,見咸入,夾,古洽,keep
3847,莊咸入,眨,側洽,tsreep
3848,初咸入,插,楚洽,tsrheep
3849,孃咸入,㘝,女洽,nreep
3850,曉咸入,䶎,呼洽,heep
3851,生咸入,霎,山洽,sreep
3852,知咸入,劄,竹洽,treep
3853,影咸入,𨂁,烏洽,qeep
3854,疑咸入,䀴,五夾,ngeep
3855,徹咸入,𥃐,丑㘝,trheep
3856,匣銜入,狎,胡甲,ghaep
3857,澄銜入,𠗨,丈甲,draep
3858,影銜入,鴨,烏甲,qaep
3859,見銜入,甲,古狎,kaep
3860,生銜入,翣,所甲,sraep
3861,曉銜入,呷,呼甲,haep
3862,疑嚴入,業,魚怯,ngyop
3863,曉嚴入,脅,虛業,hyop
3864,溪嚴入,怯,去劫,khyop
3865,見嚴入,劫,居怯,kyop
3866,影嚴入,腌,於業,qyop
3867,以嚴入,殜,余業,jyop
3868,羣嚴入,跲,巨業,gyop
3869,並凡入,乏,房法,buop
3870,幫凡入,法,方乏,puop
3871,滂凡入,𥎰,孚法,phuop
3872,溪嚴入,猲,起法,khyop
3873,孃嚴入,䎎,女法,nryop
3874,徹嚴入,𦑣,丑法,trhyop
